Filename,readtime,filesize,format,pointcount,Sequence,Frame,Dataset
H1_R0_1001.cwipcdump,27.52552032,12253168,cwipcdump,765821,H1,1001,Longdress
H1_R0_1002.cwipcdump,14.94657516,12411952,cwipcdump,775745,H1,1002,Longdress
H1_R0_1003.cwipcdump,14.94657516,12536976,cwipcdump,783559,H1,1003,Longdress
H1_R0_1004.cwipcdump,15.9441185,12714288,cwipcdump,794641,H1,1004,Longdress
H1_R0_1005.cwipcdump,16.941185,12896448,cwipcdump,806026,H1,1005,Longdress
H1_R0_1006.cwipcdump,16.93951607,12894016,cwipcdump,805874,H1,1006,Longdress
H1_R0_1007.cwipcdump,15.94388008,12903824,cwipcdump,806487,H1,1007,Longdress
H1_R0_1008.cwipcdump,15.9441185,12880496,cwipcdump,805029,H1,1008,Longdress
H1_R0_1009.cwipcdump,16.94166183,12796192,cwipcdump,799760,H1,1009,Longdress
H1_R0_1010.cwipcdump,15.9441185,12796272,cwipcdump,799765,H1,1010,Longdress
H1_R0_1011.cwipcdump,15.94459534,12817968,cwipcdump,801121,H1,1011,Longdress
H1_R0_1012.cwipcdump,16.94142342,12754880,cwipcdump,797178,H1,1012,Longdress
H1_R0_1013.cwipcdump,15.9441185,12666976,cwipcdump,791684,H1,1013,Longdress
H1_R0_1014.cwipcdump,15.94388008,12675104,cwipcdump,792192,H1,1014,Longdress
H1_R0_1015.cwipcdump,15.94817162,12728416,cwipcdump,795524,H1,1015,Longdress
H1_R0_1016.cwipcdump,17.93872833,12753040,cwipcdump,797063,H1,1016,Longdress
H1_R0_1017.cwipcdump,17.93896675,12694464,cwipcdump,793402,H1,1017,Longdress
H1_R0_1018.cwipcdump,16.94142342,12732976,cwipcdump,795809,H1,1018,Longdress
H1_R0_1019.cwipcdump,15.9441185,12724608,cwipcdump,795286,H1,1019,Longdress
H1_R0_1020.cwipcdump,15.94364166,12771616,cwipcdump,798224,H1,1020,Longdress
H1_R0_1021.cwipcdump,18.93603325,12785152,cwipcdump,799070,H1,1021,Longdress
H1_R0_1022.cwipcdump,15.94364166,12653936,cwipcdump,790869,H1,1022,Longdress
H1_R0_1023.cwipcdump,16.94142342,12565776,cwipcdump,785359,H1,1023,Longdress
H1_R0_1024.cwipcdump,14.947052,12467696,cwipcdump,779229,H1,1024,Longdress
H1_R0_1025.cwipcdump,14.94657516,12354624,cwipcdump,772162,H1,1025,Longdress
H1_R0_1026.cwipcdump,15.94745636,12255840,cwipcdump,765988,H1,1026,Longdress
H1_R0_1027.cwipcdump,14.947052,12261472,cwipcdump,766340,H1,1027,Longdress
H1_R0_1028.cwipcdump,14.94681358,12309152,cwipcdump,769320,H1,1028,Longdress
H1_R0_1029.cwipcdump,14.94657516,12441536,cwipcdump,777594,H1,1029,Longdress
H1_R0_1030.cwipcdump,15.9441185,12661248,cwipcdump,791326,H1,1030,Longdress
H1_R0_1031.cwipcdump,15.94388008,12931600,cwipcdump,808223,H1,1031,Longdress
H1_R0_1032.cwipcdump,15.9441185,12907840,cwipcdump,806738,H1,1032,Longdress
H1_R0_1033.cwipcdump,16.4509964,13052496,cwipcdump,815779,H1,1033,Longdress
H1_R0_1034.cwipcdump,15.94364166,13153104,cwipcdump,822067,H1,1034,Longdress
H1_R0_1035.cwipcdump,15.94388008,13281200,cwipcdump,830073,H1,1035,Longdress
H1_R0_1036.cwipcdump,16.941185,13301408,cwipcdump,831336,H1,1036,Longdress
H1_R0_1037.cwipcdump,16.45147324,13342432,cwipcdump,833900,H1,1037,Longdress
H1_R0_1038.cwipcdump,16.941185,13398896,cwipcdump,837429,H1,1038,Longdress
H1_R0_1039.cwipcdump,16.94142342,13444256,cwipcdump,840264,H1,1039,Longdress
H1_R0_1040.cwipcdump,16.94142342,13406224,cwipcdump,837887,H1,1040,Longdress
H1_R0_1041.cwipcdump,16.94142342,13383408,cwipcdump,836461,H1,1041,Longdress
H1_R0_1042.cwipcdump,16.94142342,13351520,cwipcdump,834468,H1,1042,Longdress
H1_R0_1043.cwipcdump,16.94190025,13265760,cwipcdump,829108,H1,1043,Longdress
H1_R0_1044.cwipcdump,15.9441185,13224576,cwipcdump,826534,H1,1044,Longdress
H1_R0_1045.cwipcdump,16.941185,13254544,cwipcdump,828407,H1,1045,Longdress
H1_R0_1046.cwipcdump,16.941185,13152880,cwipcdump,822053,H1,1046,Longdress
H1_R0_1047.cwipcdump,16.94142342,13154160,cwipcdump,822133,H1,1047,Longdress
H1_R0_1048.cwipcdump,15.9441185,13164592,cwipcdump,822785,H1,1048,Longdress
H1_R0_1049.cwipcdump,16.94142342,13185056,cwipcdump,824064,H1,1049,Longdress
H1_R0_1050.cwipcdump,16.94166183,13286384,cwipcdump,830397,H1,1050,Longdress
H1_R0_1051.cwipcdump,15.94435692,13408496,cwipcdump,838029,H1,1051,Longdress
H1_R0_1052.cwipcdump,16.941185,13434560,cwipcdump,839658,H1,1052,Longdress
H1_R0_1053.cwipcdump,16.94142342,13509376,cwipcdump,844334,H1,1053,Longdress
H1_R0_1054.cwipcdump,16.941185,13548896,cwipcdump,846804,H1,1054,Longdress
H1_R0_1055.cwipcdump,16.94142342,13570800,cwipcdump,848173,H1,1055,Longdress
H1_R0_1056.cwipcdump,16.94023132,13616400,cwipcdump,851023,H1,1056,Longdress
H1_R0_1057.cwipcdump,17.93777466,13627040,cwipcdump,851688,H1,1057,Longdress
H1_R0_1058.cwipcdump,17.9382515,13644304,cwipcdump,852767,H1,1058,Longdress
H1_R0_1059.cwipcdump,16.94094658,13780256,cwipcdump,861264,H1,1059,Longdress
H1_R0_1060.cwipcdump,16.941185,13722912,cwipcdump,857680,H1,1060,Longdress
H1_R0_1061.cwipcdump,17.93896675,13796144,cwipcdump,862257,H1,1061,Longdress
H1_R0_1062.cwipcdump,16.94190025,13807040,cwipcdump,862938,H1,1062,Longdress
H1_R0_1063.cwipcdump,16.94166183,13680720,cwipcdump,855043,H1,1063,Longdress
H1_R0_1064.cwipcdump,17.93872833,13555008,cwipcdump,847186,H1,1064,Longdress
H1_R0_1065.cwipcdump,16.941185,13266672,cwipcdump,829165,H1,1065,Longdress
H1_R0_1066.cwipcdump,17.93848991,13190576,cwipcdump,824409,H1,1066,Longdress
H1_R0_1067.cwipcdump,16.941185,13120976,cwipcdump,820059,H1,1067,Longdress
H1_R0_1068.cwipcdump,17.94206619,13062032,cwipcdump,816375,H1,1068,Longdress
H1_R0_1069.cwipcdump,15.94340324,13023728,cwipcdump,813981,H1,1069,Longdress
H1_R0_1070.cwipcdump,15.9441185,12935104,cwipcdump,808442,H1,1070,Longdress
H1_R0_1071.cwipcdump,15.94388008,12906096,cwipcdump,806629,H1,1071,Longdress
H1_R0_1072.cwipcdump,15.94697952,12851056,cwipcdump,803189,H1,1072,Longdress
H1_R0_1073.cwipcdump,18.93603325,12858240,cwipcdump,803638,H1,1073,Longdress
H1_R0_1074.cwipcdump,18.93531799,12956560,cwipcdump,809783,H1,1074,Longdress
H1_R0_1075.cwipcdump,19.93357658,13136992,cwipcdump,821060,H1,1075,Longdress
H1_R0_1076.cwipcdump,18.93603325,13201312,cwipcdump,825080,H1,1076,Longdress
H1_R0_1077.cwipcdump,20.93064308,13297840,cwipcdump,831113,H1,1077,Longdress
H1_R0_1078.cwipcdump,20.93302727,13212080,cwipcdump,825753,H1,1078,Longdress
H1_R0_1079.cwipcdump,19.93309975,13112688,cwipcdump,819541,H1,1079,Longdress
H1_R0_1080.cwipcdump,19.93333817,13282832,cwipcdump,830175,H1,1080,Longdress
H1_R0_1081.cwipcdump,20.93493462,13528528,cwipcdump,845531,H1,1081,Longdress
H1_R0_1082.cwipcdump,19.93309975,13714560,cwipcdump,857158,H1,1082,Longdress
H1_R0_1083.cwipcdump,18.93603325,13975488,cwipcdump,873466,H1,1083,Longdress
H1_R0_1084.cwipcdump,17.93872833,14187856,cwipcdump,886739,H1,1084,Longdress
H1_R0_1085.cwipcdump,19.93333817,14432528,cwipcdump,902031,H1,1085,Longdress
H1_R0_1086.cwipcdump,18.93603325,14642256,cwipcdump,915139,H1,1086,Longdress
H1_R0_1087.cwipcdump,18.93579483,14660032,cwipcdump,916250,H1,1087,Longdress
H1_R0_1088.cwipcdump,18.92101288,14637808,cwipcdump,914861,H1,1088,Longdress
H1_R0_1089.cwipcdump,20.93111992,14643760,cwipcdump,915233,H1,1089,Longdress
H1_R0_1090.cwipcdump,18.93627167,14614512,cwipcdump,913405,H1,1090,Longdress
H1_R0_1091.cwipcdump,18.93603325,14636672,cwipcdump,914790,H1,1091,Longdress
H1_R0_1092.cwipcdump,19.93309975,14605392,cwipcdump,912835,H1,1092,Longdress
H1_R0_1093.cwipcdump,18.93603325,14432304,cwipcdump,902017,H1,1093,Longdress
H1_R0_1094.cwipcdump,18.93627167,14384000,cwipcdump,898998,H1,1094,Longdress
H1_R0_1095.cwipcdump,20.93851089,14446336,cwipcdump,902894,H1,1095,Longdress
H1_R0_1096.cwipcdump,18.93627167,14404176,cwipcdump,900259,H1,1096,Longdress
H1_R0_1097.cwipcdump,18.93627167,14378416,cwipcdump,898649,H1,1097,Longdress
H1_R0_1098.cwipcdump,19.93357658,14285856,cwipcdump,892864,H1,1098,Longdress
H1_R0_1099.cwipcdump,18.93579483,14245328,cwipcdump,890331,H1,1099,Longdress
H1_R0_1100.cwipcdump,18.93579483,13911920,cwipcdump,869493,H1,1100,Longdress
H1_R0_1101.cwipcdump,18.93579483,13814880,cwipcdump,863428,H1,1101,Longdress
H1_R0_1102.cwipcdump,17.9382515,13680240,cwipcdump,855013,H1,1102,Longdress
H1_R0_1103.cwipcdump,16.94166183,13612784,cwipcdump,850797,H1,1103,Longdress
H1_R0_1104.cwipcdump,18.93579483,13599072,cwipcdump,849940,H1,1104,Longdress
H1_R0_1105.cwipcdump,17.93848991,13502928,cwipcdump,843931,H1,1105,Longdress
H1_R0_1106.cwipcdump,16.941185,13371872,cwipcdump,835740,H1,1106,Longdress
H1_R0_1107.cwipcdump,16.941185,13318208,cwipcdump,832386,H1,1107,Longdress
H1_R0_1108.cwipcdump,18.93579483,13293776,cwipcdump,830859,H1,1108,Longdress
H1_R0_1109.cwipcdump,16.941185,13330816,cwipcdump,833174,H1,1109,Longdress
H1_R0_1110.cwipcdump,16.94142342,13255664,cwipcdump,828477,H1,1110,Longdress
H1_R0_1111.cwipcdump,17.93896675,13157056,cwipcdump,822314,H1,1111,Longdress
H1_R0_1112.cwipcdump,17.93872833,13162608,cwipcdump,822661,H1,1112,Longdress
H1_R0_1113.cwipcdump,16.94094658,13226432,cwipcdump,826650,H1,1113,Longdress
H1_R0_1114.cwipcdump,17.9382515,13126208,cwipcdump,820386,H1,1114,Longdress
H1_R0_1115.cwipcdump,17.9382515,13064160,cwipcdump,816508,H1,1115,Longdress
H1_R0_1116.cwipcdump,16.94142342,12974864,cwipcdump,810927,H1,1116,Longdress
H1_R0_1117.cwipcdump,17.94325829,13000128,cwipcdump,812506,H1,1117,Longdress
H1_R0_1118.cwipcdump,16.94142342,13082736,cwipcdump,817669,H1,1118,Longdress
H1_R0_1119.cwipcdump,17.93872833,12873200,cwipcdump,804573,H1,1119,Longdress
H1_R0_1120.cwipcdump,16.94452286,12730368,cwipcdump,795646,H1,1120,Longdress
H1_R0_1121.cwipcdump,16.941185,12709440,cwipcdump,794338,H1,1121,Longdress
H1_R0_1122.cwipcdump,18.93603325,12772080,cwipcdump,798253,H1,1122,Longdress
H1_R0_1123.cwipcdump,16.941185,12831216,cwipcdump,801949,H1,1123,Longdress
H1_R0_1124.cwipcdump,16.94142342,12943760,cwipcdump,808983,H1,1124,Longdress
H1_R0_1125.cwipcdump,17.93872833,12991104,cwipcdump,811942,H1,1125,Longdress
H1_R0_1126.cwipcdump,16.94166183,13078400,cwipcdump,817398,H1,1126,Longdress
H1_R0_1127.cwipcdump,18.94032478,13271072,cwipcdump,829440,H1,1127,Longdress
H1_R0_1128.cwipcdump,17.93872833,13472464,cwipcdump,842027,H1,1128,Longdress
H1_R0_1129.cwipcdump,17.93848991,13669104,cwipcdump,854317,H1,1129,Longdress
H1_R0_1130.cwipcdump,19.44314957,13898992,cwipcdump,868685,H1,1130,Longdress
H1_R0_1131.cwipcdump,18.93603325,14062432,cwipcdump,878900,H1,1131,Longdress
H1_R0_1132.cwipcdump,18.93603325,14119744,cwipcdump,882482,H1,1132,Longdress
H1_R0_1133.cwipcdump,18.93603325,14069472,cwipcdump,879340,H1,1133,Longdress
H1_R0_1134.cwipcdump,19.933815,14083888,cwipcdump,880241,H1,1134,Longdress
H1_R0_1135.cwipcdump,18.93627167,14059184,cwipcdump,878697,H1,1135,Longdress
H1_R0_1136.cwipcdump,18.93579483,13944368,cwipcdump,871521,H1,1136,Longdress
H1_R0_1137.cwipcdump,19.93309975,13830256,cwipcdump,864389,H1,1137,Longdress
H1_R0_1138.cwipcdump,17.94945717,13740224,cwipcdump,858762,H1,1138,Longdress
H1_R0_1139.cwipcdump,18.93603325,13692256,cwipcdump,855764,H1,1139,Longdress
H1_R0_1140.cwipcdump,18.44632149,13590864,cwipcdump,849427,H1,1140,Longdress
H1_R0_1141.cwipcdump,17.93896675,13415840,cwipcdump,838488,H1,1141,Longdress
H1_R0_1142.cwipcdump,17.93848991,13226176,cwipcdump,826634,H1,1142,Longdress
H1_R0_1143.cwipcdump,17.44949341,13055728,cwipcdump,815981,H1,1143,Longdress
H1_R0_1144.cwipcdump,15.94388008,12871872,cwipcdump,804490,H1,1144,Longdress
H1_R0_1145.cwipcdump,16.941185,12777456,cwipcdump,798589,H1,1145,Longdress
H1_R0_1146.cwipcdump,17.93872833,12731248,cwipcdump,795701,H1,1146,Longdress
H1_R0_1147.cwipcdump,16.94142342,12712064,cwipcdump,794502,H1,1147,Longdress
H1_R0_1148.cwipcdump,16.94142342,12699504,cwipcdump,793717,H1,1148,Longdress
H1_R0_1149.cwipcdump,17.93944359,12821552,cwipcdump,801345,H1,1149,Longdress
H1_R0_1150.cwipcdump,16.941185,12804176,cwipcdump,800259,H1,1150,Longdress
H1_R0_1151.cwipcdump,17.9382515,12891968,cwipcdump,805746,H1,1151,Longdress
H1_R0_1152.cwipcdump,17.93848991,12862032,cwipcdump,803875,H1,1152,Longdress
H1_R0_1153.cwipcdump,16.941185,12842672,cwipcdump,802665,H1,1153,Longdress
H1_R0_1154.cwipcdump,16.94094658,12876816,cwipcdump,804799,H1,1154,Longdress
H1_R0_1155.cwipcdump,17.93920517,12928448,cwipcdump,808026,H1,1155,Longdress
H1_R0_1156.cwipcdump,16.94166183,12927968,cwipcdump,807996,H1,1156,Longdress
H1_R0_1157.cwipcdump,16.94142342,12958400,cwipcdump,809898,H1,1157,Longdress
H1_R0_1158.cwipcdump,16.941185,12998672,cwipcdump,812415,H1,1158,Longdress
H1_R0_1159.cwipcdump,18.93603325,13036384,cwipcdump,814772,H1,1159,Longdress
H1_R0_1160.cwipcdump,17.9382515,13042976,cwipcdump,815184,H1,1160,Longdress
H1_R0_1161.cwipcdump,18.93603325,13109232,cwipcdump,819325,H1,1161,Longdress
H1_R0_1162.cwipcdump,20.93016624,13177920,cwipcdump,823618,H1,1162,Longdress
H1_R0_1163.cwipcdump,20.9308815,13158320,cwipcdump,822393,H1,1163,Longdress
H1_R0_1164.cwipcdump,20.93064308,13335760,cwipcdump,833483,H1,1164,Longdress
H1_R0_1165.cwipcdump,19.933815,13422880,cwipcdump,838928,H1,1165,Longdress
H1_R0_1166.cwipcdump,17.9382515,13560368,cwipcdump,847521,H1,1166,Longdress
H1_R0_1167.cwipcdump,17.93872833,13579232,cwipcdump,848700,H1,1167,Longdress
H1_R0_1168.cwipcdump,18.93555641,13606304,cwipcdump,850392,H1,1168,Longdress
H1_R0_1169.cwipcdump,17.93896675,13750832,cwipcdump,859425,H1,1169,Longdress
H1_R0_1170.cwipcdump,17.93848991,13815424,cwipcdump,863462,H1,1170,Longdress
H1_R0_1171.cwipcdump,17.93872833,13790128,cwipcdump,861881,H1,1171,Longdress
H1_R0_1172.cwipcdump,18.93555641,13910976,cwipcdump,869434,H1,1172,Longdress
H1_R0_1173.cwipcdump,18.94080162,14002800,cwipcdump,875173,H1,1173,Longdress
H1_R0_1174.cwipcdump,17.93920517,14166448,cwipcdump,885401,H1,1174,Longdress
H1_R0_1175.cwipcdump,18.93579483,14230512,cwipcdump,889405,H1,1175,Longdress
H1_R0_1176.cwipcdump,19.50180054,14218016,cwipcdump,888624,H1,1176,Longdress
H1_R0_1177.cwipcdump,18.93579483,14234176,cwipcdump,889634,H1,1177,Longdress
H1_R0_1178.cwipcdump,18.93579483,14187040,cwipcdump,886688,H1,1178,Longdress
H1_R0_1179.cwipcdump,19.93333817,14258752,cwipcdump,891170,H1,1179,Longdress
H1_R0_1180.cwipcdump,18.93603325,14317840,cwipcdump,894863,H1,1180,Longdress
H1_R0_1181.cwipcdump,17.9382515,14015536,cwipcdump,875969,H1,1181,Longdress
H1_R0_1182.cwipcdump,17.93848991,14030560,cwipcdump,876908,H1,1182,Longdress
H1_R0_1183.cwipcdump,18.93627167,14038160,cwipcdump,877383,H1,1183,Longdress
H1_R0_1184.cwipcdump,17.93920517,14265248,cwipcdump,891576,H1,1184,Longdress
H1_R0_1185.cwipcdump,18.93579483,14436448,cwipcdump,902276,H1,1185,Longdress
H1_R0_1186.cwipcdump,19.93333817,14441776,cwipcdump,902609,H1,1186,Longdress
H1_R0_1187.cwipcdump,18.93579483,14033856,cwipcdump,877114,H1,1187,Longdress
H1_R0_1188.cwipcdump,17.93896675,13871712,cwipcdump,866980,H1,1188,Longdress
H1_R0_1189.cwipcdump,17.93848991,13878624,cwipcdump,867412,H1,1189,Longdress
H1_R0_1190.cwipcdump,19.93309975,13756336,cwipcdump,859769,H1,1190,Longdress
H1_R0_1191.cwipcdump,17.93872833,13523520,cwipcdump,845218,H1,1191,Longdress
H1_R0_1192.cwipcdump,18.44703674,13300928,cwipcdump,831306,H1,1192,Longdress
H1_R0_1193.cwipcdump,17.93944359,13164288,cwipcdump,822766,H1,1193,Longdress
H1_R0_1194.cwipcdump,18.93579483,13004416,cwipcdump,812774,H1,1194,Longdress
H1_R0_1195.cwipcdump,17.45569229,12967088,cwipcdump,810441,H1,1195,Longdress
H1_R0_1196.cwipcdump,16.94142342,12686112,cwipcdump,792880,H1,1196,Longdress
H1_R0_1197.cwipcdump,16.94142342,12447696,cwipcdump,777979,H1,1197,Longdress
H1_R0_1198.cwipcdump,17.93848991,12242336,cwipcdump,765144,H1,1198,Longdress
H1_R0_1199.cwipcdump,15.94435692,12003376,cwipcdump,750209,H1,1199,Longdress
H1_R0_1200.cwipcdump,15.9441185,11886400,cwipcdump,742898,H1,1200,Longdress
H1_R0_1201.cwipcdump,15.95293999,11881072,cwipcdump,742565,H1,1201,Longdress
H1_R0_1202.cwipcdump,14.94633675,11804272,cwipcdump,737765,H1,1202,Longdress
H1_R0_1203.cwipcdump,16.94142342,11737312,cwipcdump,733580,H1,1203,Longdress
H1_R0_1204.cwipcdump,15.9441185,11762976,cwipcdump,735184,H1,1204,Longdress
H1_R0_1205.cwipcdump,14.94681358,11744688,cwipcdump,734041,H1,1205,Longdress
H1_R0_1206.cwipcdump,16.94070816,11811440,cwipcdump,738213,H1,1206,Longdress
H1_R0_1207.cwipcdump,14.947052,11987952,cwipcdump,749245,H1,1207,Longdress
H1_R0_1208.cwipcdump,15.94340324,12300960,cwipcdump,768808,H1,1208,Longdress
H1_R0_1209.cwipcdump,17.93848991,12386656,cwipcdump,774164,H1,1209,Longdress
H1_R0_1210.cwipcdump,16.94166183,12370736,cwipcdump,773169,H1,1210,Longdress
H1_R0_1211.cwipcdump,16.94142342,12580720,cwipcdump,786293,H1,1211,Longdress
H1_R0_1212.cwipcdump,17.93920517,12595552,cwipcdump,787220,H1,1212,Longdress
H1_R0_1213.cwipcdump,17.93848991,12927392,cwipcdump,807960,H1,1213,Longdress
H1_R0_1214.cwipcdump,17.93848991,12866320,cwipcdump,804143,H1,1214,Longdress
H1_R0_1215.cwipcdump,18.93627167,12959104,cwipcdump,809942,H1,1215,Longdress
H1_R0_1216.cwipcdump,17.93872833,13041520,cwipcdump,815093,H1,1216,Longdress
H1_R0_1217.cwipcdump,16.94166183,13120112,cwipcdump,820005,H1,1217,Longdress
H1_R0_1218.cwipcdump,17.93872833,13283344,cwipcdump,830207,H1,1218,Longdress
H1_R0_1219.cwipcdump,16.94142342,13459328,cwipcdump,841206,H1,1219,Longdress
H1_R0_1220.cwipcdump,20.93040466,13593664,cwipcdump,849602,H1,1220,Longdress
H1_R0_1221.cwipcdump,18.93651009,13838752,cwipcdump,864920,H1,1221,Longdress
H1_R0_1222.cwipcdump,18.93603325,13867088,cwipcdump,866691,H1,1222,Longdress
H1_R0_1223.cwipcdump,18.93603325,13975808,cwipcdump,873486,H1,1223,Longdress
H1_R0_1224.cwipcdump,18.93603325,14269968,cwipcdump,891871,H1,1224,Longdress
H1_R0_1225.cwipcdump,19.93309975,14294080,cwipcdump,893378,H1,1225,Longdress
H1_R0_1226.cwipcdump,18.93603325,14210704,cwipcdump,888167,H1,1226,Longdress
H1_R0_1227.cwipcdump,18.93627167,14038928,cwipcdump,877431,H1,1227,Longdress
H1_R0_1228.cwipcdump,17.93944359,13910784,cwipcdump,869422,H1,1228,Longdress
H1_R0_1229.cwipcdump,19.923563,13968320,cwipcdump,873018,H1,1229,Longdress
H1_R0_1230.cwipcdump,18.93603325,14022208,cwipcdump,876386,H1,1230,Longdress
H1_R0_1231.cwipcdump,17.93872833,13574304,cwipcdump,848392,H1,1231,Longdress
H1_R0_1232.cwipcdump,17.94206619,13584512,cwipcdump,849030,H1,1232,Longdress
H1_R0_1233.cwipcdump,17.93848991,13665648,cwipcdump,854101,H1,1233,Longdress
H1_R0_1234.cwipcdump,17.93896675,13531408,cwipcdump,845711,H1,1234,Longdress
H1_R0_1235.cwipcdump,17.93848991,13474784,cwipcdump,842172,H1,1235,Longdress
H1_R0_1236.cwipcdump,18.93651009,13464848,cwipcdump,841551,H1,1236,Longdress
H1_R0_1237.cwipcdump,17.93896675,13442512,cwipcdump,840155,H1,1237,Longdress
H1_R0_1238.cwipcdump,17.94206619,13440528,cwipcdump,840031,H1,1238,Longdress
H1_R0_1239.cwipcdump,17.93896675,13397440,cwipcdump,837338,H1,1239,Longdress
H1_R0_1240.cwipcdump,18.93603325,13483952,cwipcdump,842745,H1,1240,Longdress
H1_R0_1241.cwipcdump,17.93872833,13553680,cwipcdump,847103,H1,1241,Longdress
H1_R0_1242.cwipcdump,17.88746834,13687472,cwipcdump,855465,H1,1242,Longdress
H1_R0_1243.cwipcdump,18.93603325,13779552,cwipcdump,861220,H1,1243,Longdress
H1_R0_1244.cwipcdump,18.93555641,13797968,cwipcdump,862371,H1,1244,Longdress
H1_R0_1245.cwipcdump,17.9382515,13865936,cwipcdump,866619,H1,1245,Longdress
H1_R0_1246.cwipcdump,18.93579483,13793680,cwipcdump,862103,H1,1246,Longdress
H1_R0_1247.cwipcdump,18.93627167,13762912,cwipcdump,860180,H1,1247,Longdress
H1_R0_1248.cwipcdump,18.93603325,13719472,cwipcdump,857465,H1,1248,Longdress
H1_R0_1249.cwipcdump,17.93848991,13688704,cwipcdump,855542,H1,1249,Longdress
H1_R0_1250.cwipcdump,18.93603325,13727488,cwipcdump,857966,H1,1250,Longdress
H1_R0_1251.cwipcdump,17.93848991,13664096,cwipcdump,854004,H1,1251,Longdress
H1_R0_1252.cwipcdump,22.92596817,13559632,cwipcdump,847475,H1,1252,Longdress
H1_R0_1253.cwipcdump,17.93848991,13569776,cwipcdump,848109,H1,1253,Longdress
H1_R0_1254.cwipcdump,17.93872833,13545248,cwipcdump,846576,H1,1254,Longdress
H1_R0_1255.cwipcdump,17.93896675,13565488,cwipcdump,847841,H1,1255,Longdress
H1_R0_1256.cwipcdump,17.93872833,13569776,cwipcdump,848109,H1,1256,Longdress
H1_R0_1257.cwipcdump,18.93603325,13563088,cwipcdump,847691,H1,1257,Longdress
H1_R0_1258.cwipcdump,18.93627167,13598176,cwipcdump,849884,H1,1258,Longdress
H1_R0_1259.cwipcdump,18.93603325,13690208,cwipcdump,855636,H1,1259,Longdress
H1_R0_1260.cwipcdump,18.93603325,13676432,cwipcdump,854775,H1,1260,Longdress
H1_R0_1261.cwipcdump,18.93603325,13679216,cwipcdump,854949,H1,1261,Longdress
H1_R0_1262.cwipcdump,17.93872833,13650016,cwipcdump,853124,H1,1262,Longdress
H1_R0_1263.cwipcdump,17.93896675,13553408,cwipcdump,847086,H1,1263,Longdress
H1_R0_1264.cwipcdump,19.93333817,13459728,cwipcdump,841231,H1,1264,Longdress
H1_R0_1265.cwipcdump,18.93627167,13389888,cwipcdump,836866,H1,1265,Longdress
H1_R0_1266.cwipcdump,18.93603325,13276896,cwipcdump,829804,H1,1266,Longdress
H1_R0_1267.cwipcdump,18.93603325,13208720,cwipcdump,825543,H1,1267,Longdress
H1_R0_1268.cwipcdump,17.93848991,13166304,cwipcdump,822892,H1,1268,Longdress
H1_R0_1269.cwipcdump,17.93848991,13144336,cwipcdump,821519,H1,1269,Longdress
H1_R0_1270.cwipcdump,18.93603325,13052544,cwipcdump,815782,H1,1270,Longdress
H1_R0_1271.cwipcdump,17.9382515,13032608,cwipcdump,814536,H1,1271,Longdress
H1_R0_1272.cwipcdump,16.94142342,12886256,cwipcdump,805389,H1,1272,Longdress
H1_R0_1273.cwipcdump,16.941185,12896688,cwipcdump,806041,H1,1273,Longdress
H1_R0_1274.cwipcdump,17.44901657,12898160,cwipcdump,806133,H1,1274,Longdress
H1_R0_1275.cwipcdump,17.9382515,12941712,cwipcdump,808855,H1,1275,Longdress
H1_R0_1276.cwipcdump,17.93896675,13064512,cwipcdump,816530,H1,1276,Longdress
H1_R0_1277.cwipcdump,18.94008636,13248144,cwipcdump,828007,H1,1277,Longdress
H1_R0_1278.cwipcdump,17.93872833,13486416,cwipcdump,842899,H1,1278,Longdress
H1_R0_1279.cwipcdump,17.93920517,13574816,cwipcdump,848424,H1,1279,Longdress
H1_R0_1280.cwipcdump,18.94795418,13594928,cwipcdump,849681,H1,1280,Longdress
H1_R0_1281.cwipcdump,17.93848991,13638352,cwipcdump,852395,H1,1281,Longdress
H1_R0_1282.cwipcdump,17.93896675,13785168,cwipcdump,861571,H1,1282,Longdress
H1_R0_1283.cwipcdump,19.93357658,13734256,cwipcdump,858389,H1,1283,Longdress
H1_R0_1284.cwipcdump,21.92770958,13899408,cwipcdump,868711,H1,1284,Longdress
H1_R0_1285.cwipcdump,18.93603325,13877264,cwipcdump,867327,H1,1285,Longdress
H1_R0_1286.cwipcdump,18.93555641,14066704,cwipcdump,879167,H1,1286,Longdress
H1_R0_1287.cwipcdump,19.93309975,13994864,cwipcdump,874677,H1,1287,Longdress
H1_R0_1288.cwipcdump,17.93872833,13786048,cwipcdump,861626,H1,1288,Longdress
H1_R0_1289.cwipcdump,17.93848991,13743136,cwipcdump,858944,H1,1289,Longdress
H1_R0_1290.cwipcdump,19.44434166,13714464,cwipcdump,857152,H1,1290,Longdress
H1_R0_1291.cwipcdump,18.93627167,13665152,cwipcdump,854070,H1,1291,Longdress
H1_R0_1292.cwipcdump,17.93896675,13595040,cwipcdump,849688,H1,1292,Longdress
H1_R0_1293.cwipcdump,19.44314957,13507728,cwipcdump,844231,H1,1293,Longdress
H1_R0_1294.cwipcdump,17.93872833,13431248,cwipcdump,839451,H1,1294,Longdress
H1_R0_1295.cwipcdump,17.93848991,13393040,cwipcdump,837063,H1,1295,Longdress
H1_R0_1296.cwipcdump,17.44949341,13304576,cwipcdump,831534,H1,1296,Longdress
H1_R0_1297.cwipcdump,17.9382515,13240656,cwipcdump,827539,H1,1297,Longdress
H1_R0_1298.cwipcdump,16.941185,13153168,cwipcdump,822071,H1,1298,Longdress
H1_R0_1299.cwipcdump,16.94190025,13023376,cwipcdump,813959,H1,1299,Longdress
H1_R0_1300.cwipcdump,17.93848991,12908928,cwipcdump,806806,H1,1300,Longdress
H2_R0_1001.cwipcdump,43.87008667,12546304,cwipcdump,784142,H2,1001,Loot
H2_R0_1002.cwipcdump,15.94459534,12534528,cwipcdump,783406,H2,1002,Loot
H2_R0_1003.cwipcdump,15.94388008,12483232,cwipcdump,780200,H2,1003,Loot
H2_R0_1004.cwipcdump,15.9441185,12455504,cwipcdump,778467,H2,1004,Loot
H2_R0_1005.cwipcdump,15.94459534,12422864,cwipcdump,776427,H2,1005,Loot
H2_R0_1006.cwipcdump,15.94435692,12398320,cwipcdump,774893,H2,1006,Loot
H2_R0_1007.cwipcdump,15.9441185,12415216,cwipcdump,775949,H2,1007,Loot
H2_R0_1008.cwipcdump,15.94435692,12407440,cwipcdump,775463,H2,1008,Loot
H2_R0_1009.cwipcdump,15.9441185,12411200,cwipcdump,775698,H2,1009,Loot
H2_R0_1010.cwipcdump,28.90955925,12448352,cwipcdump,778020,H2,1010,Loot
H2_R0_1011.cwipcdump,26.914711,12456896,cwipcdump,778554,H2,1011,Loot
H2_R0_1012.cwipcdump,15.9543705,12479808,cwipcdump,779986,H2,1012,Loot
H2_R0_1013.cwipcdump,15.94483376,12494848,cwipcdump,780926,H2,1013,Loot
H2_R0_1014.cwipcdump,15.94388008,12524352,cwipcdump,782770,H2,1014,Loot
H2_R0_1015.cwipcdump,15.9441185,12551616,cwipcdump,784474,H2,1015,Loot
H2_R0_1016.cwipcdump,16.94595337,12563120,cwipcdump,785193,H2,1016,Loot
H2_R0_1017.cwipcdump,15.94388008,12523552,cwipcdump,782720,H2,1017,Loot
H2_R0_1018.cwipcdump,15.94364166,12505840,cwipcdump,781613,H2,1018,Loot
H2_R0_1019.cwipcdump,17.93872833,12480128,cwipcdump,780006,H2,1019,Loot
H2_R0_1020.cwipcdump,15.94364166,12484864,cwipcdump,780302,H2,1020,Loot
H2_R0_1021.cwipcdump,15.94364166,12465088,cwipcdump,779066,H2,1021,Loot
H2_R0_1022.cwipcdump,17.93896675,12452512,cwipcdump,778280,H2,1022,Loot
H2_R0_1023.cwipcdump,16.94452286,12462544,cwipcdump,778907,H2,1023,Loot
H2_R0_1024.cwipcdump,15.9441185,12468656,cwipcdump,779289,H2,1024,Loot
H2_R0_1025.cwipcdump,15.9441185,12475856,cwipcdump,779739,H2,1025,Loot
H2_R0_1026.cwipcdump,15.94435692,12469856,cwipcdump,779364,H2,1026,Loot
H2_R0_1027.cwipcdump,16.45218849,12480432,cwipcdump,780025,H2,1027,Loot
H2_R0_1028.cwipcdump,17.93896675,12486000,cwipcdump,780373,H2,1028,Loot
H2_R0_1029.cwipcdump,16.94166183,12506448,cwipcdump,781651,H2,1029,Loot
H2_R0_1030.cwipcdump,16.4908123,12502032,cwipcdump,781375,H2,1030,Loot
H2_R0_1031.cwipcdump,16.94142342,12550304,cwipcdump,784392,H2,1031,Loot
H2_R0_1032.cwipcdump,15.9441185,12522768,cwipcdump,782671,H2,1032,Loot
H2_R0_1033.cwipcdump,15.94435692,12432016,cwipcdump,776999,H2,1033,Loot
H2_R0_1034.cwipcdump,17.43757248,12458432,cwipcdump,778650,H2,1034,Loot
H2_R0_1035.cwipcdump,16.94142342,12448144,cwipcdump,778007,H2,1035,Loot
H2_R0_1036.cwipcdump,16.94166183,12423760,cwipcdump,776483,H2,1036,Loot
H2_R0_1037.cwipcdump,14.94657516,12500624,cwipcdump,781287,H2,1037,Loot
H2_R0_1038.cwipcdump,15.9441185,12485296,cwipcdump,780329,H2,1038,Loot
H2_R0_1039.cwipcdump,16.941185,12492592,cwipcdump,780785,H2,1039,Loot
H2_R0_1040.cwipcdump,15.9441185,12566912,cwipcdump,785430,H2,1040,Loot
H2_R0_1041.cwipcdump,15.94817162,12631696,cwipcdump,789479,H2,1041,Loot
H2_R0_1042.cwipcdump,16.94142342,12629600,cwipcdump,789348,H2,1042,Loot
H2_R0_1043.cwipcdump,15.94388008,12683456,cwipcdump,792714,H2,1043,Loot
H2_R0_1044.cwipcdump,17.93872833,12653872,cwipcdump,790865,H2,1044,Loot
H2_R0_1045.cwipcdump,17.93896675,12607648,cwipcdump,787976,H2,1045,Loot
H2_R0_1046.cwipcdump,16.941185,12635504,cwipcdump,789717,H2,1046,Loot
H2_R0_1047.cwipcdump,15.94483376,12559232,cwipcdump,784950,H2,1047,Loot
H2_R0_1048.cwipcdump,16.941185,12498112,cwipcdump,781130,H2,1048,Loot
H2_R0_1049.cwipcdump,15.9441185,12487520,cwipcdump,780468,H2,1049,Loot
H2_R0_1050.cwipcdump,15.94388008,12534048,cwipcdump,783376,H2,1050,Loot
H2_R0_1051.cwipcdump,17.93896675,12595824,cwipcdump,787237,H2,1051,Loot
H2_R0_1052.cwipcdump,16.94142342,12603776,cwipcdump,787734,H2,1052,Loot
H2_R0_1053.cwipcdump,15.94364166,12592976,cwipcdump,787059,H2,1053,Loot
H2_R0_1054.cwipcdump,15.9441185,12576848,cwipcdump,786051,H2,1054,Loot
H2_R0_1055.cwipcdump,15.94340324,12739440,cwipcdump,796213,H2,1055,Loot
H2_R0_1056.cwipcdump,17.93848991,12643088,cwipcdump,790191,H2,1056,Loot
H2_R0_1057.cwipcdump,16.941185,12780960,cwipcdump,798808,H2,1057,Loot
H2_R0_1058.cwipcdump,15.94435692,12766816,cwipcdump,797924,H2,1058,Loot
H2_R0_1059.cwipcdump,16.94142342,12711664,cwipcdump,794477,H2,1059,Loot
H2_R0_1060.cwipcdump,15.94364166,12624880,cwipcdump,789053,H2,1060,Loot
H2_R0_1061.cwipcdump,15.93315125,12542016,cwipcdump,783874,H2,1061,Loot
H2_R0_1062.cwipcdump,16.94142342,12524592,cwipcdump,782785,H2,1062,Loot
H2_R0_1063.cwipcdump,15.94388008,12524688,cwipcdump,782791,H2,1063,Loot
H2_R0_1064.cwipcdump,17.93872833,12514064,cwipcdump,782127,H2,1064,Loot
H2_R0_1065.cwipcdump,15.9441185,12568144,cwipcdump,785507,H2,1065,Loot
H2_R0_1066.cwipcdump,15.94435692,12624304,cwipcdump,789017,H2,1066,Loot
H2_R0_1067.cwipcdump,16.941185,12634288,cwipcdump,789641,H2,1067,Loot
H2_R0_1068.cwipcdump,16.94094658,12555520,cwipcdump,784718,H2,1068,Loot
H2_R0_1069.cwipcdump,15.94435692,12450576,cwipcdump,778159,H2,1069,Loot
H2_R0_1070.cwipcdump,17.44782448,12421264,cwipcdump,776327,H2,1070,Loot
H2_R0_1071.cwipcdump,18.93627167,12590160,cwipcdump,786883,H2,1071,Loot
H2_R0_1072.cwipcdump,18.93603325,12594368,cwipcdump,787146,H2,1072,Loot
H2_R0_1073.cwipcdump,18.93937111,12496784,cwipcdump,781047,H2,1073,Loot
H2_R0_1074.cwipcdump,18.93603325,12519376,cwipcdump,782459,H2,1074,Loot
H2_R0_1075.cwipcdump,18.93627167,12505296,cwipcdump,781579,H2,1075,Loot
H2_R0_1076.cwipcdump,18.94008636,12546928,cwipcdump,784181,H2,1076,Loot
H2_R0_1077.cwipcdump,18.93603325,12525808,cwipcdump,782861,H2,1077,Loot
H2_R0_1078.cwipcdump,18.93627167,12471248,cwipcdump,779451,H2,1078,Loot
H2_R0_1079.cwipcdump,19.93357658,12555536,cwipcdump,784719,H2,1079,Loot
H2_R0_1080.cwipcdump,16.94046974,12491248,cwipcdump,780701,H2,1080,Loot
H2_R0_1081.cwipcdump,16.94166183,12572096,cwipcdump,785754,H2,1081,Loot
H2_R0_1082.cwipcdump,15.9441185,12532960,cwipcdump,783308,H2,1082,Loot
H2_R0_1083.cwipcdump,18.08702469,12523824,cwipcdump,782737,H2,1083,Loot
H2_R0_1084.cwipcdump,18.93603325,12510016,cwipcdump,781874,H2,1084,Loot
H2_R0_1085.cwipcdump,18.93627167,12488752,cwipcdump,780545,H2,1085,Loot
H2_R0_1086.cwipcdump,16.45171165,12453520,cwipcdump,778343,H2,1086,Loot
H2_R0_1087.cwipcdump,17.93848991,12455360,cwipcdump,778458,H2,1087,Loot
H2_R0_1088.cwipcdump,16.94142342,12457504,cwipcdump,778592,H2,1088,Loot
H2_R0_1089.cwipcdump,15.9441185,12479264,cwipcdump,779952,H2,1089,Loot
H2_R0_1090.cwipcdump,15.92194557,12474816,cwipcdump,779674,H2,1090,Loot
H2_R0_1091.cwipcdump,16.94166183,12497360,cwipcdump,781083,H2,1091,Loot
H2_R0_1092.cwipcdump,15.94364166,12488624,cwipcdump,780537,H2,1092,Loot
H2_R0_1093.cwipcdump,17.44853973,12368768,cwipcdump,773046,H2,1093,Loot
H2_R0_1094.cwipcdump,15.9441185,12333184,cwipcdump,770822,H2,1094,Loot
H2_R0_1095.cwipcdump,15.94507217,12461776,cwipcdump,778859,H2,1095,Loot
H2_R0_1096.cwipcdump,17.93896675,12453360,cwipcdump,778333,H2,1096,Loot
H2_R0_1097.cwipcdump,16.94142342,12524800,cwipcdump,782798,H2,1097,Loot
H2_R0_1098.cwipcdump,17.93848991,12502720,cwipcdump,781418,H2,1098,Loot
H2_R0_1099.cwipcdump,16.941185,12438144,cwipcdump,777382,H2,1099,Loot
H2_R0_1100.cwipcdump,17.9382515,12452304,cwipcdump,778267,H2,1100,Loot
H2_R0_1101.cwipcdump,16.94094658,12491216,cwipcdump,780699,H2,1101,Loot
H2_R0_1102.cwipcdump,16.94070816,12485280,cwipcdump,780328,H2,1102,Loot
H2_R0_1103.cwipcdump,15.9441185,12517648,cwipcdump,782351,H2,1103,Loot
H2_R0_1104.cwipcdump,15.94435692,12514656,cwipcdump,782164,H2,1104,Loot
H2_R0_1105.cwipcdump,16.94142342,12528368,cwipcdump,783021,H2,1105,Loot
H2_R0_1106.cwipcdump,17.93872833,12589296,cwipcdump,786829,H2,1106,Loot
H2_R0_1107.cwipcdump,15.94388008,12629872,cwipcdump,789365,H2,1107,Loot
H2_R0_1108.cwipcdump,16.94142342,12652944,cwipcdump,790807,H2,1108,Loot
H2_R0_1109.cwipcdump,16.94166183,12629376,cwipcdump,789334,H2,1109,Loot
H2_R0_1110.cwipcdump,15.94388008,12540080,cwipcdump,783753,H2,1110,Loot
H2_R0_1111.cwipcdump,16.94142342,12499872,cwipcdump,781240,H2,1111,Loot
H2_R0_1112.cwipcdump,16.94142342,12499984,cwipcdump,781247,H2,1112,Loot
H2_R0_1113.cwipcdump,18.93603325,12536400,cwipcdump,783523,H2,1113,Loot
H2_R0_1114.cwipcdump,16.94213867,12528768,cwipcdump,783046,H2,1114,Loot
H2_R0_1115.cwipcdump,17.93848991,12571424,cwipcdump,785712,H2,1115,Loot
H2_R0_1116.cwipcdump,15.9441185,12614576,cwipcdump,788409,H2,1116,Loot
H2_R0_1117.cwipcdump,15.9441185,12564656,cwipcdump,785289,H2,1117,Loot
H2_R0_1118.cwipcdump,17.93848991,12549056,cwipcdump,784314,H2,1118,Loot
H2_R0_1119.cwipcdump,15.94364166,12557312,cwipcdump,784830,H2,1119,Loot
H2_R0_1120.cwipcdump,16.94142342,12555904,cwipcdump,784742,H2,1120,Loot
H2_R0_1121.cwipcdump,17.93872833,12595008,cwipcdump,787186,H2,1121,Loot
H2_R0_1122.cwipcdump,17.9382515,12674608,cwipcdump,792161,H2,1122,Loot
H2_R0_1123.cwipcdump,16.94142342,12612672,cwipcdump,788290,H2,1123,Loot
H2_R0_1124.cwipcdump,16.94166183,12627584,cwipcdump,789222,H2,1124,Loot
H2_R0_1125.cwipcdump,16.94142342,12594800,cwipcdump,787173,H2,1125,Loot
H2_R0_1126.cwipcdump,16.94094658,12420496,cwipcdump,776279,H2,1126,Loot
H2_R0_1127.cwipcdump,16.94166183,12382624,cwipcdump,773912,H2,1127,Loot
H2_R0_1128.cwipcdump,16.45123482,12372864,cwipcdump,773302,H2,1128,Loot
H2_R0_1129.cwipcdump,17.93872833,12432048,cwipcdump,777001,H2,1129,Loot
H2_R0_1130.cwipcdump,15.94388008,12530816,cwipcdump,783174,H2,1130,Loot
H2_R0_1131.cwipcdump,16.94523811,12577760,cwipcdump,786108,H2,1131,Loot
H2_R0_1132.cwipcdump,17.9382515,12569984,cwipcdump,785622,H2,1132,Loot
H2_R0_1133.cwipcdump,16.941185,12596272,cwipcdump,787265,H2,1133,Loot
H2_R0_1134.cwipcdump,15.94388008,12603776,cwipcdump,787734,H2,1134,Loot
H2_R0_1135.cwipcdump,18.3309269,12588288,cwipcdump,786766,H2,1135,Loot
H2_R0_1136.cwipcdump,17.9382515,12601984,cwipcdump,787622,H2,1136,Loot
H2_R0_1137.cwipcdump,16.94190025,12552176,cwipcdump,784509,H2,1137,Loot
H2_R0_1138.cwipcdump,16.94237709,12527424,cwipcdump,782962,H2,1138,Loot
H2_R0_1139.cwipcdump,15.94388008,12567088,cwipcdump,785441,H2,1139,Loot
H2_R0_1140.cwipcdump,17.93848991,12589744,cwipcdump,786857,H2,1140,Loot
H2_R0_1141.cwipcdump,16.93903923,12579376,cwipcdump,786209,H2,1141,Loot
H2_R0_1142.cwipcdump,16.94166183,12574352,cwipcdump,785895,H2,1142,Loot
H2_R0_1143.cwipcdump,17.93896675,12529776,cwipcdump,783109,H2,1143,Loot
H2_R0_1144.cwipcdump,16.94142342,12543936,cwipcdump,783994,H2,1144,Loot
H2_R0_1145.cwipcdump,16.94523811,12575376,cwipcdump,785959,H2,1145,Loot
H2_R0_1146.cwipcdump,16.94094658,12624512,cwipcdump,789030,H2,1146,Loot
H2_R0_1147.cwipcdump,16.941185,12713536,cwipcdump,794594,H2,1147,Loot
H2_R0_1148.cwipcdump,18.44608307,12768000,cwipcdump,797998,H2,1148,Loot
H2_R0_1149.cwipcdump,17.93896675,12778256,cwipcdump,798639,H2,1149,Loot
H2_R0_1150.cwipcdump,18.93603325,12747120,cwipcdump,796693,H2,1150,Loot
H2_R0_1151.cwipcdump,16.94142342,12715504,cwipcdump,794717,H2,1151,Loot
H2_R0_1152.cwipcdump,16.94166183,12685808,cwipcdump,792861,H2,1152,Loot
H2_R0_1153.cwipcdump,17.93801308,12684656,cwipcdump,792789,H2,1153,Loot
H2_R0_1154.cwipcdump,17.93848991,12676976,cwipcdump,792309,H2,1154,Loot
H2_R0_1155.cwipcdump,16.45123482,12670832,cwipcdump,791925,H2,1155,Loot
H2_R0_1156.cwipcdump,17.93848991,12700752,cwipcdump,793795,H2,1156,Loot
H2_R0_1157.cwipcdump,15.94388008,12695392,cwipcdump,793460,H2,1157,Loot
H2_R0_1158.cwipcdump,16.94142342,12728464,cwipcdump,795527,H2,1158,Loot
H2_R0_1159.cwipcdump,16.94142342,12780448,cwipcdump,798776,H2,1159,Loot
H2_R0_1160.cwipcdump,17.93896675,12789824,cwipcdump,799362,H2,1160,Loot
H2_R0_1161.cwipcdump,16.94166183,12636464,cwipcdump,789777,H2,1161,Loot
H2_R0_1162.cwipcdump,16.941185,12654912,cwipcdump,790930,H2,1162,Loot
H2_R0_1163.cwipcdump,16.941185,12699776,cwipcdump,793734,H2,1163,Loot
H2_R0_1164.cwipcdump,16.94190025,12686160,cwipcdump,792883,H2,1164,Loot
H2_R0_1165.cwipcdump,16.94166183,12660816,cwipcdump,791299,H2,1165,Loot
H2_R0_1166.cwipcdump,16.941185,12631792,cwipcdump,789485,H2,1166,Loot
H2_R0_1167.cwipcdump,16.94142342,12639664,cwipcdump,789977,H2,1167,Loot
H2_R0_1168.cwipcdump,16.94070816,12665600,cwipcdump,791598,H2,1168,Loot
H2_R0_1169.cwipcdump,16.94142342,12720576,cwipcdump,795034,H2,1169,Loot
H2_R0_1170.cwipcdump,15.94459534,12717840,cwipcdump,794863,H2,1170,Loot
H2_R0_1171.cwipcdump,16.94166183,12718192,cwipcdump,794885,H2,1171,Loot
H2_R0_1172.cwipcdump,17.93848991,12622512,cwipcdump,788905,H2,1172,Loot
H2_R0_1173.cwipcdump,16.94166183,12598048,cwipcdump,787376,H2,1173,Loot
H2_R0_1174.cwipcdump,16.94166183,12670768,cwipcdump,791921,H2,1174,Loot
H2_R0_1175.cwipcdump,16.94166183,12560736,cwipcdump,785044,H2,1175,Loot
H2_R0_1176.cwipcdump,16.941185,12572176,cwipcdump,785759,H2,1176,Loot
H2_R0_1177.cwipcdump,15.94388008,12527440,cwipcdump,782963,H2,1177,Loot
H2_R0_1178.cwipcdump,17.93872833,12538688,cwipcdump,783666,H2,1178,Loot
H2_R0_1179.cwipcdump,16.941185,12587456,cwipcdump,786714,H2,1179,Loot
H2_R0_1180.cwipcdump,15.94364166,12601360,cwipcdump,787583,H2,1180,Loot
H2_R0_1181.cwipcdump,16.94166183,12699536,cwipcdump,793719,H2,1181,Loot
H2_R0_1182.cwipcdump,18.93603325,12677296,cwipcdump,792329,H2,1182,Loot
H2_R0_1183.cwipcdump,16.94094658,12823456,cwipcdump,801464,H2,1183,Loot
H2_R0_1184.cwipcdump,16.941185,12751200,cwipcdump,796948,H2,1184,Loot
H2_R0_1185.cwipcdump,16.94142342,12841600,cwipcdump,802598,H2,1185,Loot
H2_R0_1186.cwipcdump,16.45171165,12752656,cwipcdump,797039,H2,1186,Loot
H2_R0_1187.cwipcdump,17.93872833,12760208,cwipcdump,797511,H2,1187,Loot
H2_R0_1188.cwipcdump,15.94364166,12718096,cwipcdump,794879,H2,1188,Loot
H2_R0_1189.cwipcdump,16.941185,12697472,cwipcdump,793590,H2,1189,Loot
H2_R0_1190.cwipcdump,16.94142342,12623040,cwipcdump,788938,H2,1190,Loot
H2_R0_1191.cwipcdump,16.94142342,12557568,cwipcdump,784846,H2,1191,Loot
H2_R0_1192.cwipcdump,15.94364166,12608096,cwipcdump,788004,H2,1192,Loot
H2_R0_1193.cwipcdump,18.93937111,12735456,cwipcdump,795964,H2,1193,Loot
H2_R0_1194.cwipcdump,16.94166183,12787344,cwipcdump,799207,H2,1194,Loot
H2_R0_1195.cwipcdump,16.941185,12790464,cwipcdump,799402,H2,1195,Loot
H2_R0_1196.cwipcdump,17.9382515,12807760,cwipcdump,800483,H2,1196,Loot
H2_R0_1197.cwipcdump,16.94166183,12773408,cwipcdump,798336,H2,1197,Loot
H2_R0_1198.cwipcdump,16.94166183,12775296,cwipcdump,798454,H2,1198,Loot
H2_R0_1199.cwipcdump,17.93872833,12812352,cwipcdump,800770,H2,1199,Loot
H2_R0_1200.cwipcdump,16.93307877,12838080,cwipcdump,802378,H2,1200,Loot
H2_R0_1201.cwipcdump,17.93872833,12884592,cwipcdump,805285,H2,1201,Loot
H2_R0_1202.cwipcdump,17.9382515,12853120,cwipcdump,803318,H2,1202,Loot
H2_R0_1203.cwipcdump,17.44853973,12832608,cwipcdump,802036,H2,1203,Loot
H2_R0_1204.cwipcdump,16.94166183,12963680,cwipcdump,810228,H2,1204,Loot
H2_R0_1205.cwipcdump,15.94364166,12930992,cwipcdump,808185,H2,1205,Loot
H2_R0_1206.cwipcdump,17.94039726,13043600,cwipcdump,815223,H2,1206,Loot
H2_R0_1207.cwipcdump,17.93872833,12790848,cwipcdump,799426,H2,1207,Loot
H2_R0_1208.cwipcdump,16.94142342,12645152,cwipcdump,790320,H2,1208,Loot
H2_R0_1209.cwipcdump,16.94166183,12735152,cwipcdump,795945,H2,1209,Loot
H2_R0_1210.cwipcdump,17.44830132,12686288,cwipcdump,792891,H2,1210,Loot
H2_R0_1211.cwipcdump,16.941185,12757152,cwipcdump,797320,H2,1211,Loot
H2_R0_1212.cwipcdump,17.93872833,12883456,cwipcdump,805214,H2,1212,Loot
H2_R0_1213.cwipcdump,17.44901657,12754048,cwipcdump,797126,H2,1213,Loot
H2_R0_1214.cwipcdump,17.93896675,12850208,cwipcdump,803136,H2,1214,Loot
H2_R0_1215.cwipcdump,17.93920517,12948784,cwipcdump,809297,H2,1215,Loot
H2_R0_1216.cwipcdump,17.93848991,12930528,cwipcdump,808156,H2,1216,Loot
H2_R0_1217.cwipcdump,18.93603325,12965712,cwipcdump,810355,H2,1217,Loot
H2_R0_1218.cwipcdump,17.93848991,12963408,cwipcdump,810211,H2,1218,Loot
H2_R0_1219.cwipcdump,17.93896675,12938352,cwipcdump,808645,H2,1219,Loot
H2_R0_1220.cwipcdump,18.93579483,12972560,cwipcdump,810783,H2,1220,Loot
H2_R0_1221.cwipcdump,18.93603325,12913440,cwipcdump,807088,H2,1221,Loot
H2_R0_1222.cwipcdump,17.93872833,12949936,cwipcdump,809369,H2,1222,Loot
H2_R0_1223.cwipcdump,17.93801308,12725696,cwipcdump,795354,H2,1223,Loot
H2_R0_1224.cwipcdump,17.9382515,12727312,cwipcdump,795455,H2,1224,Loot
H2_R0_1225.cwipcdump,17.93848991,12731552,cwipcdump,795720,H2,1225,Loot
H2_R0_1226.cwipcdump,16.941185,12779600,cwipcdump,798723,H2,1226,Loot
H2_R0_1227.cwipcdump,16.941185,12919088,cwipcdump,807441,H2,1227,Loot
H2_R0_1228.cwipcdump,17.93872833,12853088,cwipcdump,803316,H2,1228,Loot
H2_R0_1229.cwipcdump,17.93920517,12945216,cwipcdump,809074,H2,1229,Loot
H2_R0_1230.cwipcdump,18.93555641,12932272,cwipcdump,808265,H2,1230,Loot
H2_R0_1231.cwipcdump,17.93848991,13101600,cwipcdump,818848,H2,1231,Loot
H2_R0_1232.cwipcdump,17.93872833,13129904,cwipcdump,820617,H2,1232,Loot
H2_R0_1233.cwipcdump,18.93627167,13026368,cwipcdump,814146,H2,1233,Loot
H2_R0_1234.cwipcdump,17.9382515,13037664,cwipcdump,814852,H2,1234,Loot
H2_R0_1235.cwipcdump,17.93872833,13051632,cwipcdump,815725,H2,1235,Loot
H2_R0_1236.cwipcdump,17.9382515,13057280,cwipcdump,816078,H2,1236,Loot
H2_R0_1237.cwipcdump,17.93848991,12973920,cwipcdump,810868,H2,1237,Loot
H2_R0_1238.cwipcdump,18.93579483,12830544,cwipcdump,801907,H2,1238,Loot
H2_R0_1239.cwipcdump,16.94166183,12787168,cwipcdump,799196,H2,1239,Loot
H2_R0_1240.cwipcdump,16.94142342,12793968,cwipcdump,799621,H2,1240,Loot
H2_R0_1241.cwipcdump,17.93801308,12930816,cwipcdump,808174,H2,1241,Loot
H2_R0_1242.cwipcdump,18.93627167,12969776,cwipcdump,810609,H2,1242,Loot
H2_R0_1243.cwipcdump,16.45171165,12945408,cwipcdump,809086,H2,1243,Loot
H2_R0_1244.cwipcdump,16.94094658,12865712,cwipcdump,804105,H2,1244,Loot
H2_R0_1245.cwipcdump,17.93586731,12963920,cwipcdump,810243,H2,1245,Loot
H2_R0_1246.cwipcdump,16.94094658,12935248,cwipcdump,808451,H2,1246,Loot
H2_R0_1247.cwipcdump,18.93579483,13097552,cwipcdump,818595,H2,1247,Loot
H2_R0_1248.cwipcdump,18.93579483,13014688,cwipcdump,813416,H2,1248,Loot
H2_R0_1249.cwipcdump,18.93555641,13060048,cwipcdump,816251,H2,1249,Loot
H2_R0_1250.cwipcdump,16.94476128,13129376,cwipcdump,820584,H2,1250,Loot
H2_R0_1251.cwipcdump,17.93896675,13080592,cwipcdump,817535,H2,1251,Loot
H2_R0_1252.cwipcdump,15.9441185,13003344,cwipcdump,812707,H2,1252,Loot
H2_R0_1253.cwipcdump,18.93627167,12976304,cwipcdump,811017,H2,1253,Loot
H2_R0_1254.cwipcdump,15.94435692,12998688,cwipcdump,812416,H2,1254,Loot
H2_R0_1255.cwipcdump,16.94166183,13054016,cwipcdump,815874,H2,1255,Loot
H2_R0_1256.cwipcdump,17.93848991,12989040,cwipcdump,811813,H2,1256,Loot
H2_R0_1257.cwipcdump,17.93896675,12949200,cwipcdump,809323,H2,1257,Loot
H2_R0_1258.cwipcdump,17.93896675,12897088,cwipcdump,806066,H2,1258,Loot
H2_R0_1259.cwipcdump,16.94142342,12863936,cwipcdump,803994,H2,1259,Loot
H2_R0_1260.cwipcdump,16.941185,12874832,cwipcdump,804675,H2,1260,Loot
H2_R0_1261.cwipcdump,16.941185,12848400,cwipcdump,803023,H2,1261,Loot
H2_R0_1262.cwipcdump,17.93872833,12878432,cwipcdump,804900,H2,1262,Loot
H2_R0_1263.cwipcdump,16.50058746,12816544,cwipcdump,801032,H2,1263,Loot
H2_R0_1264.cwipcdump,17.93920517,12698240,cwipcdump,793638,H2,1264,Loot
H2_R0_1265.cwipcdump,16.94190025,12818528,cwipcdump,801156,H2,1265,Loot
H2_R0_1266.cwipcdump,16.94166183,12876016,cwipcdump,804749,H2,1266,Loot
H2_R0_1267.cwipcdump,17.93896675,12887216,cwipcdump,805449,H2,1267,Loot
H2_R0_1268.cwipcdump,16.941185,12885296,cwipcdump,805329,H2,1268,Loot
H2_R0_1269.cwipcdump,16.94166183,12886736,cwipcdump,805419,H2,1269,Loot
H2_R0_1270.cwipcdump,16.941185,12871616,cwipcdump,804474,H2,1270,Loot
H2_R0_1271.cwipcdump,16.94142342,12737648,cwipcdump,796101,H2,1271,Loot
H2_R0_1272.cwipcdump,16.941185,12881200,cwipcdump,805073,H2,1272,Loot
H2_R0_1273.cwipcdump,17.93801308,12755296,cwipcdump,797204,H2,1273,Loot
H2_R0_1274.cwipcdump,15.9441185,12882256,cwipcdump,805139,H2,1274,Loot
H2_R0_1275.cwipcdump,15.94459534,12929200,cwipcdump,808073,H2,1275,Loot
H2_R0_1276.cwipcdump,17.93848991,13017376,cwipcdump,813584,H2,1276,Loot
H2_R0_1277.cwipcdump,16.94166183,12996928,cwipcdump,812306,H2,1277,Loot
H2_R0_1278.cwipcdump,17.93920517,13080032,cwipcdump,817500,H2,1278,Loot
H2_R0_1279.cwipcdump,16.94142342,13196880,cwipcdump,824803,H2,1279,Loot
H2_R0_1280.cwipcdump,17.93872833,13023136,cwipcdump,813944,H2,1280,Loot
H2_R0_1281.cwipcdump,16.941185,13044944,cwipcdump,815307,H2,1281,Loot
H2_R0_1282.cwipcdump,19.93357658,13061296,cwipcdump,816329,H2,1282,Loot
H2_R0_1283.cwipcdump,16.94142342,13012016,cwipcdump,813249,H2,1283,Loot
H2_R0_1284.cwipcdump,17.93872833,12949360,cwipcdump,809333,H2,1284,Loot
H2_R0_1285.cwipcdump,16.941185,13047744,cwipcdump,815482,H2,1285,Loot
H2_R0_1286.cwipcdump,17.9382515,13034160,cwipcdump,814633,H2,1286,Loot
H2_R0_1287.cwipcdump,16.94166183,13039088,cwipcdump,814941,H2,1287,Loot
H2_R0_1288.cwipcdump,17.93872833,13101584,cwipcdump,818847,H2,1288,Loot
H2_R0_1289.cwipcdump,16.94166183,13184864,cwipcdump,824052,H2,1289,Loot
H2_R0_1290.cwipcdump,17.93848991,13367360,cwipcdump,835458,H2,1290,Loot
H2_R0_1291.cwipcdump,16.941185,13113712,cwipcdump,819605,H2,1291,Loot
H2_R0_1292.cwipcdump,16.94166183,13244816,cwipcdump,827799,H2,1292,Loot
H2_R0_1293.cwipcdump,18.93627167,13292368,cwipcdump,830771,H2,1293,Loot
H2_R0_1294.cwipcdump,17.44949341,13360096,cwipcdump,835004,H2,1294,Loot
H2_R0_1295.cwipcdump,17.93872833,13039504,cwipcdump,814967,H2,1295,Loot
H2_R0_1296.cwipcdump,16.94166183,13098528,cwipcdump,818656,H2,1296,Loot
H2_R0_1297.cwipcdump,18.93889427,13116944,cwipcdump,819807,H2,1297,Loot
H2_R0_1298.cwipcdump,15.94459534,13036288,cwipcdump,814766,H2,1298,Loot
H2_R0_1299.cwipcdump,15.94435692,12948176,cwipcdump,809259,H2,1299,Loot
H2_R0_1300.cwipcdump,17.93872833,12995424,cwipcdump,812212,H2,1300,Loot
H3_R0_1001.cwipcdump,47.85787582,11666160,cwipcdump,729133,H3,1001,Red&Black
H3_R0_1002.cwipcdump,12.95220375,11529120,cwipcdump,720568,H3,1002,Red&Black
H3_R0_1003.cwipcdump,13.45788956,11374848,cwipcdump,710926,H3,1003,Red&Black
H3_R0_1004.cwipcdump,14.94681358,11208528,cwipcdump,700531,H3,1004,Red&Black
H3_R0_1005.cwipcdump,14.94657516,11004384,cwipcdump,687772,H3,1005,Red&Black
H3_R0_1006.cwipcdump,13.94950867,10870816,cwipcdump,679424,H3,1006,Red&Black
H3_R0_1007.cwipcdump,14.45614815,11006800,cwipcdump,687923,H3,1007,Red&Black
H3_R0_1008.cwipcdump,13.94974709,11102880,cwipcdump,693928,H3,1008,Red&Black
H3_R0_1009.cwipcdump,13.94927025,11216672,cwipcdump,701040,H3,1009,Red&Black
H3_R0_1010.cwipcdump,13.94974709,11403568,cwipcdump,712721,H3,1010,Red&Black
H3_R0_1011.cwipcdump,17.93920517,11375456,cwipcdump,710964,H3,1011,Red&Black
H3_R0_1012.cwipcdump,25.91716766,11386080,cwipcdump,711628,H3,1012,Red&Black
H3_R0_1013.cwipcdump,19.93357658,11388016,cwipcdump,711749,H3,1013,Red&Black
H3_R0_1014.cwipcdump,13.94903183,11372752,cwipcdump,710795,H3,1014,Red&Black
H3_R0_1015.cwipcdump,13.94974709,11276208,cwipcdump,704761,H3,1015,Red&Black
H3_R0_1016.cwipcdump,13.94855499,11135072,cwipcdump,695940,H3,1016,Red&Black
H3_R0_1017.cwipcdump,13.9499855,11087216,cwipcdump,692949,H3,1017,Red&Black
H3_R0_1018.cwipcdump,14.94681358,11079232,cwipcdump,692450,H3,1018,Red&Black
H3_R0_1019.cwipcdump,15.94459534,10956448,cwipcdump,684776,H3,1019,Red&Black
H3_R0_1020.cwipcdump,13.94927025,10955120,cwipcdump,684693,H3,1020,Red&Black
H3_R0_1021.cwipcdump,12.95172691,11035456,cwipcdump,689714,H3,1021,Red&Black
H3_R0_1022.cwipcdump,14.947052,11126752,cwipcdump,695420,H3,1022,Red&Black
H3_R0_1023.cwipcdump,13.94927025,11208112,cwipcdump,700505,H3,1023,Red&Black
H3_R0_1024.cwipcdump,16.94142342,11410576,cwipcdump,713159,H3,1024,Red&Black
H3_R0_1025.cwipcdump,13.94927025,11522704,cwipcdump,720167,H3,1025,Red&Black
H3_R0_1026.cwipcdump,14.94633675,11689488,cwipcdump,730591,H3,1026,Red&Black
H3_R0_1027.cwipcdump,15.94364166,11726912,cwipcdump,732930,H3,1027,Red&Black
H3_R0_1028.cwipcdump,14.94681358,11706512,cwipcdump,731655,H3,1028,Red&Black
H3_R0_1029.cwipcdump,16.94190025,11713168,cwipcdump,732071,H3,1029,Red&Black
H3_R0_1030.cwipcdump,16.94142342,11675472,cwipcdump,729715,H3,1030,Red&Black
H3_R0_1031.cwipcdump,15.9441185,11665056,cwipcdump,729064,H3,1031,Red&Black
H3_R0_1032.cwipcdump,14.94633675,11602064,cwipcdump,725127,H3,1032,Red&Black
H3_R0_1033.cwipcdump,14.94681358,11801712,cwipcdump,737605,H3,1033,Red&Black
H3_R0_1034.cwipcdump,14.94681358,11910944,cwipcdump,744432,H3,1034,Red&Black
H3_R0_1035.cwipcdump,15.9441185,11897648,cwipcdump,743601,H3,1035,Red&Black
H3_R0_1036.cwipcdump,14.947052,11953664,cwipcdump,747102,H3,1036,Red&Black
H3_R0_1037.cwipcdump,17.93896675,11962960,cwipcdump,747683,H3,1037,Red&Black
H3_R0_1038.cwipcdump,15.94388008,11981072,cwipcdump,748815,H3,1038,Red&Black
H3_R0_1039.cwipcdump,13.94903183,12003712,cwipcdump,750230,H3,1039,Red&Black
H3_R0_1040.cwipcdump,14.94681358,12058640,cwipcdump,753663,H3,1040,Red&Black
H3_R0_1041.cwipcdump,15.94745636,12223616,cwipcdump,763974,H3,1041,Red&Black
H3_R0_1042.cwipcdump,15.94435692,12186864,cwipcdump,761677,H3,1042,Red&Black
H3_R0_1043.cwipcdump,14.94657516,12291872,cwipcdump,768240,H3,1043,Red&Black
H3_R0_1044.cwipcdump,14.94657516,12338128,cwipcdump,771131,H3,1044,Red&Black
H3_R0_1045.cwipcdump,14.94681358,12335648,cwipcdump,770976,H3,1045,Red&Black
H3_R0_1046.cwipcdump,15.94364166,12349232,cwipcdump,771825,H3,1046,Red&Black
H3_R0_1047.cwipcdump,15.94364166,12265328,cwipcdump,766581,H3,1047,Red&Black
H3_R0_1048.cwipcdump,16.94166183,12154736,cwipcdump,759669,H3,1048,Red&Black
H3_R0_1049.cwipcdump,14.94657516,11842096,cwipcdump,740129,H3,1049,Red&Black
H3_R0_1050.cwipcdump,14.94681358,11777264,cwipcdump,736077,H3,1050,Red&Black
H3_R0_1051.cwipcdump,13.94879341,11483056,cwipcdump,717689,H3,1051,Red&Black
H3_R0_1052.cwipcdump,13.95451546,11334624,cwipcdump,708412,H3,1052,Red&Black
H3_R0_1053.cwipcdump,13.94903183,11275024,cwipcdump,704687,H3,1053,Red&Black
H3_R0_1054.cwipcdump,13.94950867,11268896,cwipcdump,704304,H3,1054,Red&Black
H3_R0_1055.cwipcdump,13.94927025,11335712,cwipcdump,708480,H3,1055,Red&Black
H3_R0_1056.cwipcdump,14.94967461,11346960,cwipcdump,709183,H3,1056,Red&Black
H3_R0_1057.cwipcdump,13.94927025,11395552,cwipcdump,712220,H3,1057,Red&Black
H3_R0_1058.cwipcdump,13.94950867,11506768,cwipcdump,719171,H3,1058,Red&Black
H3_R0_1059.cwipcdump,13.94950867,11333232,cwipcdump,708325,H3,1059,Red&Black
H3_R0_1060.cwipcdump,13.45908165,11188560,cwipcdump,699283,H3,1060,Red&Black
H3_R0_1061.cwipcdump,13.94903183,11102416,cwipcdump,693899,H3,1061,Red&Black
H3_R0_1062.cwipcdump,17.93848991,10930128,cwipcdump,683131,H3,1062,Red&Black
H3_R0_1063.cwipcdump,13.94950867,10807392,cwipcdump,675460,H3,1063,Red&Black
H3_R0_1064.cwipcdump,14.45590973,10687680,cwipcdump,667978,H3,1064,Red&Black
H3_R0_1065.cwipcdump,12.95196533,10617424,cwipcdump,663587,H3,1065,Red&Black
H3_R0_1066.cwipcdump,12.95220375,10533104,cwipcdump,658317,H3,1066,Red&Black
H3_R0_1067.cwipcdump,13.94903183,10487216,cwipcdump,655449,H3,1067,Red&Black
H3_R0_1068.cwipcdump,12.95196533,10486704,cwipcdump,655417,H3,1068,Red&Black
H3_R0_1069.cwipcdump,13.94950867,10402304,cwipcdump,650142,H3,1069,Red&Black
H3_R0_1070.cwipcdump,11.95418358,10425008,cwipcdump,651561,H3,1070,Red&Black
H3_R0_1071.cwipcdump,12.95220375,10319680,cwipcdump,644978,H3,1071,Red&Black
H3_R0_1072.cwipcdump,12.95196533,10464096,cwipcdump,654004,H3,1072,Red&Black
H3_R0_1073.cwipcdump,12.95196533,10530208,cwipcdump,658136,H3,1073,Red&Black
H3_R0_1074.cwipcdump,12.95196533,10729520,cwipcdump,670593,H3,1074,Red&Black
H3_R0_1075.cwipcdump,13.94903183,10890624,cwipcdump,680662,H3,1075,Red&Black
H3_R0_1076.cwipcdump,13.94950867,11112320,cwipcdump,694518,H3,1076,Red&Black
H3_R0_1077.cwipcdump,14.94657516,11115888,cwipcdump,694741,H3,1077,Red&Black
H3_R0_1078.cwipcdump,15.94435692,11148240,cwipcdump,696763,H3,1078,Red&Black
H3_R0_1079.cwipcdump,15.94340324,11265728,cwipcdump,704106,H3,1079,Red&Black
H3_R0_1080.cwipcdump,15.94435692,11297536,cwipcdump,706094,H3,1080,Red&Black
H3_R0_1081.cwipcdump,15.94435692,11404272,cwipcdump,712765,H3,1081,Red&Black
H3_R0_1082.cwipcdump,15.94388008,11526368,cwipcdump,720396,H3,1082,Red&Black
H3_R0_1083.cwipcdump,16.94142342,11604224,cwipcdump,725262,H3,1083,Red&Black
H3_R0_1084.cwipcdump,16.941185,11726480,cwipcdump,732903,H3,1084,Red&Black
H3_R0_1085.cwipcdump,17.93848991,11750640,cwipcdump,734413,H3,1085,Red&Black
H3_R0_1086.cwipcdump,17.93872833,11858688,cwipcdump,741166,H3,1086,Red&Black
H3_R0_1087.cwipcdump,17.93896675,11824336,cwipcdump,739019,H3,1087,Red&Black
H3_R0_1088.cwipcdump,14.94633675,11772432,cwipcdump,735775,H3,1088,Red&Black
H3_R0_1089.cwipcdump,13.94950867,11738800,cwipcdump,733673,H3,1089,Red&Black
H3_R0_1090.cwipcdump,14.94681358,11804624,cwipcdump,737787,H3,1090,Red&Black
H3_R0_1091.cwipcdump,14.94681358,11759296,cwipcdump,734954,H3,1091,Red&Black
H3_R0_1092.cwipcdump,15.94388008,11765888,cwipcdump,735366,H3,1092,Red&Black
H3_R0_1093.cwipcdump,16.94142342,11664912,cwipcdump,729055,H3,1093,Red&Black
H3_R0_1094.cwipcdump,16.94142342,11561200,cwipcdump,722573,H3,1094,Red&Black
H3_R0_1095.cwipcdump,15.94340324,11548576,cwipcdump,721784,H3,1095,Red&Black
H3_R0_1096.cwipcdump,14.94657516,11562736,cwipcdump,722669,H3,1096,Red&Black
H3_R0_1097.cwipcdump,14.94657516,11742944,cwipcdump,733932,H3,1097,Red&Black
H3_R0_1098.cwipcdump,14.94681358,11928144,cwipcdump,745507,H3,1098,Red&Black
H3_R0_1099.cwipcdump,15.94388008,11871216,cwipcdump,741949,H3,1099,Red&Black
H3_R0_1100.cwipcdump,15.94459534,11875664,cwipcdump,742227,H3,1100,Red&Black
H3_R0_1101.cwipcdump,15.94364166,12123088,cwipcdump,757691,H3,1101,Red&Black
H3_R0_1102.cwipcdump,15.94721794,12145472,cwipcdump,759090,H3,1102,Red&Black
H3_R0_1103.cwipcdump,15.9441185,12237824,cwipcdump,764862,H3,1103,Red&Black
H3_R0_1104.cwipcdump,18.93603325,12303328,cwipcdump,768956,H3,1104,Red&Black
H3_R0_1105.cwipcdump,14.94681358,12237872,cwipcdump,764865,H3,1105,Red&Black
H3_R0_1106.cwipcdump,15.9441185,12250048,cwipcdump,765626,H3,1106,Red&Black
H3_R0_1107.cwipcdump,15.9441185,12078400,cwipcdump,754898,H3,1107,Red&Black
H3_R0_1108.cwipcdump,15.94435692,11956368,cwipcdump,747271,H3,1108,Red&Black
H3_R0_1109.cwipcdump,15.9467411,11947328,cwipcdump,746706,H3,1109,Red&Black
H3_R0_1110.cwipcdump,16.94166183,11943520,cwipcdump,746468,H3,1110,Red&Black
H3_R0_1111.cwipcdump,14.94633675,11851616,cwipcdump,740724,H3,1111,Red&Black
H3_R0_1112.cwipcdump,16.94166183,11864688,cwipcdump,741541,H3,1112,Red&Black
H3_R0_1113.cwipcdump,16.94452286,11700768,cwipcdump,731296,H3,1113,Red&Black
H3_R0_1114.cwipcdump,15.94388008,11460784,cwipcdump,716297,H3,1114,Red&Black
H3_R0_1115.cwipcdump,16.94142342,11332480,cwipcdump,708278,H3,1115,Red&Black
H3_R0_1116.cwipcdump,16.941185,11267680,cwipcdump,704228,H3,1116,Red&Black
H3_R0_1117.cwipcdump,14.94681358,11132128,cwipcdump,695756,H3,1117,Red&Black
H3_R0_1118.cwipcdump,16.941185,11174016,cwipcdump,698374,H3,1118,Red&Black
H3_R0_1119.cwipcdump,16.94142342,11174352,cwipcdump,698395,H3,1119,Red&Black
H3_R0_1120.cwipcdump,14.45638657,11235360,cwipcdump,702208,H3,1120,Red&Black
H3_R0_1121.cwipcdump,13.94974709,11332784,cwipcdump,708297,H3,1121,Red&Black
H3_R0_1122.cwipcdump,14.94633675,11443040,cwipcdump,715188,H3,1122,Red&Black
H3_R0_1123.cwipcdump,14.94681358,11610624,cwipcdump,725662,H3,1123,Red&Black
H3_R0_1124.cwipcdump,15.45321465,11587504,cwipcdump,724217,H3,1124,Red&Black
H3_R0_1125.cwipcdump,16.941185,11520128,cwipcdump,720006,H3,1125,Red&Black
H3_R0_1126.cwipcdump,14.94681358,11636128,cwipcdump,727256,H3,1126,Red&Black
H3_R0_1127.cwipcdump,15.9441185,11658752,cwipcdump,728670,H3,1127,Red&Black
H3_R0_1128.cwipcdump,15.94388008,11665392,cwipcdump,729085,H3,1128,Red&Black
H3_R0_1129.cwipcdump,14.94681358,11758000,cwipcdump,734873,H3,1129,Red&Black
H3_R0_1130.cwipcdump,15.94435692,11749584,cwipcdump,734347,H3,1130,Red&Black
H3_R0_1131.cwipcdump,15.9441185,11683008,cwipcdump,730186,H3,1131,Red&Black
H3_R0_1132.cwipcdump,17.9382515,11554992,cwipcdump,722185,H3,1132,Red&Black
H3_R0_1133.cwipcdump,14.94681358,11600032,cwipcdump,725000,H3,1133,Red&Black
H3_R0_1134.cwipcdump,16.941185,11293312,cwipcdump,705830,H3,1134,Red&Black
H3_R0_1135.cwipcdump,16.94094658,11210016,cwipcdump,700624,H3,1135,Red&Black
H3_R0_1136.cwipcdump,13.94927025,11150160,cwipcdump,696883,H3,1136,Red&Black
H3_R0_1137.cwipcdump,15.94435692,10947040,cwipcdump,684188,H3,1137,Red&Black
H3_R0_1138.cwipcdump,13.94903183,10866000,cwipcdump,679123,H3,1138,Red&Black
H3_R0_1139.cwipcdump,15.9441185,10862464,cwipcdump,678902,H3,1139,Red&Black
H3_R0_1140.cwipcdump,14.94681358,10923616,cwipcdump,682724,H3,1140,Red&Black
H3_R0_1141.cwipcdump,15.94388008,10935008,cwipcdump,683436,H3,1141,Red&Black
H3_R0_1142.cwipcdump,13.94927025,10954768,cwipcdump,684671,H3,1142,Red&Black
H3_R0_1143.cwipcdump,13.94950867,11089216,cwipcdump,693074,H3,1143,Red&Black
H3_R0_1144.cwipcdump,15.9441185,11191648,cwipcdump,699476,H3,1144,Red&Black
H3_R0_1145.cwipcdump,14.947052,11302768,cwipcdump,706421,H3,1145,Red&Black
H3_R0_1146.cwipcdump,15.9441185,11330528,cwipcdump,708156,H3,1146,Red&Black
H3_R0_1147.cwipcdump,14.94657516,11444304,cwipcdump,715267,H3,1147,Red&Black
H3_R0_1148.cwipcdump,14.94633675,11473376,cwipcdump,717084,H3,1148,Red&Black
H3_R0_1149.cwipcdump,14.94681358,11486784,cwipcdump,717922,H3,1149,Red&Black
H3_R0_1150.cwipcdump,14.94681358,11639024,cwipcdump,727437,H3,1150,Red&Black
H3_R0_1151.cwipcdump,14.94657516,11759008,cwipcdump,734936,H3,1151,Red&Black
H3_R0_1152.cwipcdump,14.94681358,11892976,cwipcdump,743309,H3,1152,Red&Black
H3_R0_1153.cwipcdump,14.94681358,12075008,cwipcdump,754686,H3,1153,Red&Black
H3_R0_1154.cwipcdump,15.94173431,12260384,cwipcdump,766272,H3,1154,Red&Black
H3_R0_1155.cwipcdump,15.94388008,12390496,cwipcdump,774404,H3,1155,Red&Black
H3_R0_1156.cwipcdump,15.9441185,12685568,cwipcdump,792846,H3,1156,Red&Black
H3_R0_1157.cwipcdump,15.94388008,12645744,cwipcdump,790357,H3,1157,Red&Black
H3_R0_1158.cwipcdump,16.94166183,12810080,cwipcdump,800628,H3,1158,Red&Black
H3_R0_1159.cwipcdump,15.94388008,12967696,cwipcdump,810479,H3,1159,Red&Black
H3_R0_1160.cwipcdump,16.94094658,13070096,cwipcdump,816879,H3,1160,Red&Black
H3_R0_1161.cwipcdump,16.94452286,12890608,cwipcdump,805661,H3,1161,Red&Black
H3_R0_1162.cwipcdump,15.94388008,12765248,cwipcdump,797826,H3,1162,Red&Black
H3_R0_1163.cwipcdump,16.94190025,12675200,cwipcdump,792198,H3,1163,Red&Black
H3_R0_1164.cwipcdump,15.9441185,12699616,cwipcdump,793724,H3,1164,Red&Black
H3_R0_1165.cwipcdump,16.94094658,12731040,cwipcdump,795688,H3,1165,Red&Black
H3_R0_1166.cwipcdump,15.9441185,12629696,cwipcdump,789354,H3,1166,Red&Black
H3_R0_1167.cwipcdump,15.9441185,12885200,cwipcdump,805323,H3,1167,Red&Black
H3_R0_1168.cwipcdump,16.94094658,12804160,cwipcdump,800258,H3,1168,Red&Black
H3_R0_1169.cwipcdump,16.94142342,12780272,cwipcdump,798765,H3,1169,Red&Black
H3_R0_1170.cwipcdump,16.94190025,12765536,cwipcdump,797844,H3,1170,Red&Black
H3_R0_1171.cwipcdump,15.94435692,12660272,cwipcdump,791265,H3,1171,Red&Black
H3_R0_1172.cwipcdump,16.94094658,12692448,cwipcdump,793276,H3,1172,Red&Black
H3_R0_1173.cwipcdump,15.94388008,12570176,cwipcdump,785634,H3,1173,Red&Black
H3_R0_1174.cwipcdump,15.94364166,12396016,cwipcdump,774749,H3,1174,Red&Black
H3_R0_1175.cwipcdump,16.4509964,12289088,cwipcdump,768066,H3,1175,Red&Black
H3_R0_1176.cwipcdump,15.94435692,12103296,cwipcdump,756454,H3,1176,Red&Black
H3_R0_1177.cwipcdump,14.94681358,12153632,cwipcdump,759600,H3,1177,Red&Black
H3_R0_1178.cwipcdump,15.94221115,12238272,cwipcdump,764890,H3,1178,Red&Black
H3_R0_1179.cwipcdump,15.45297623,12302112,cwipcdump,768880,H3,1179,Red&Black
H3_R0_1180.cwipcdump,15.94388008,12443408,cwipcdump,777711,H3,1180,Red&Black
H3_R0_1181.cwipcdump,15.94388008,12235904,cwipcdump,764742,H3,1181,Red&Black
H3_R0_1182.cwipcdump,16.45171165,12243472,cwipcdump,765215,H3,1182,Red&Black
H3_R0_1183.cwipcdump,14.94657516,12222816,cwipcdump,763924,H3,1183,Red&Black
H3_R0_1184.cwipcdump,15.94435692,12243248,cwipcdump,765201,H3,1184,Red&Black
H3_R0_1185.cwipcdump,15.94435692,12079696,cwipcdump,754979,H3,1185,Red&Black
H3_R0_1186.cwipcdump,15.45345306,12126752,cwipcdump,757920,H3,1186,Red&Black
H3_R0_1187.cwipcdump,14.94657516,12061568,cwipcdump,753846,H3,1187,Red&Black
H3_R0_1188.cwipcdump,15.94435692,11968208,cwipcdump,748011,H3,1188,Red&Black
H3_R0_1189.cwipcdump,15.94459534,12043264,cwipcdump,752702,H3,1189,Red&Black
H3_R0_1190.cwipcdump,14.94657516,12053296,cwipcdump,753329,H3,1190,Red&Black
H3_R0_1191.cwipcdump,15.94435692,12058144,cwipcdump,753632,H3,1191,Red&Black
H3_R0_1192.cwipcdump,15.94388008,12093696,cwipcdump,755854,H3,1192,Red&Black
H3_R0_1193.cwipcdump,15.9441185,12108864,cwipcdump,756802,H3,1193,Red&Black
H3_R0_1194.cwipcdump,14.94681358,12085152,cwipcdump,755320,H3,1194,Red&Black
H3_R0_1195.cwipcdump,15.9441185,12065232,cwipcdump,754075,H3,1195,Red&Black
H3_R0_1196.cwipcdump,16.94166183,12132064,cwipcdump,758252,H3,1196,Red&Black
H3_R0_1197.cwipcdump,15.9441185,12076160,cwipcdump,754758,H3,1197,Red&Black
H3_R0_1198.cwipcdump,14.94657516,12007888,cwipcdump,750491,H3,1198,Red&Black
H3_R0_1199.cwipcdump,14.94681358,11915680,cwipcdump,744728,H3,1199,Red&Black
H3_R0_1200.cwipcdump,14.94657516,11885488,cwipcdump,742841,H3,1200,Red&Black
H3_R0_1201.cwipcdump,14.94681358,11894432,cwipcdump,743400,H3,1201,Red&Black
H3_R0_1202.cwipcdump,15.9441185,12032576,cwipcdump,752034,H3,1202,Red&Black
H3_R0_1203.cwipcdump,14.94657516,11952960,cwipcdump,747058,H3,1203,Red&Black
H3_R0_1204.cwipcdump,15.94388008,11905648,cwipcdump,744101,H3,1204,Red&Black
H3_R0_1205.cwipcdump,16.94142342,11900032,cwipcdump,743750,H3,1205,Red&Black
H3_R0_1206.cwipcdump,14.947052,11796560,cwipcdump,737283,H3,1206,Red&Black
H3_R0_1207.cwipcdump,14.94681358,11845072,cwipcdump,740315,H3,1207,Red&Black
H3_R0_1208.cwipcdump,15.94435692,12068912,cwipcdump,754305,H3,1208,Red&Black
H3_R0_1209.cwipcdump,14.94681358,12067472,cwipcdump,754215,H3,1209,Red&Black
H3_R0_1210.cwipcdump,15.94388008,12119456,cwipcdump,757464,H3,1210,Red&Black
H3_R0_1211.cwipcdump,14.94681358,12163216,cwipcdump,760199,H3,1211,Red&Black
H3_R0_1212.cwipcdump,15.94435692,12274240,cwipcdump,767138,H3,1212,Red&Black
H3_R0_1213.cwipcdump,15.94435692,12207824,cwipcdump,762987,H3,1213,Red&Black
H3_R0_1214.cwipcdump,14.94657516,12141712,cwipcdump,758855,H3,1214,Red&Black
H3_R0_1215.cwipcdump,15.94388008,12098720,cwipcdump,756168,H3,1215,Red&Black
H3_R0_1216.cwipcdump,15.94388008,11974944,cwipcdump,748432,H3,1216,Red&Black
H3_R0_1217.cwipcdump,15.9441185,12002528,cwipcdump,750156,H3,1217,Red&Black
H3_R0_1218.cwipcdump,14.94681358,12053312,cwipcdump,753330,H3,1218,Red&Black
H3_R0_1219.cwipcdump,15.94721794,11958816,cwipcdump,747424,H3,1219,Red&Black
H3_R0_1220.cwipcdump,15.94435692,12014928,cwipcdump,750931,H3,1220,Red&Black
H3_R0_1221.cwipcdump,15.9441185,12114176,cwipcdump,757134,H3,1221,Red&Black
H3_R0_1222.cwipcdump,14.94657516,12115008,cwipcdump,757186,H3,1222,Red&Black
H3_R0_1223.cwipcdump,15.94364166,12187376,cwipcdump,761709,H3,1223,Red&Black
H3_R0_1224.cwipcdump,15.94435692,12060816,cwipcdump,753799,H3,1224,Red&Black
H3_R0_1225.cwipcdump,15.94388008,12207712,cwipcdump,762980,H3,1225,Red&Black
H3_R0_1226.cwipcdump,14.94681358,12368816,cwipcdump,773049,H3,1226,Red&Black
H3_R0_1227.cwipcdump,15.94435692,12232400,cwipcdump,764523,H3,1227,Red&Black
H3_R0_1228.cwipcdump,15.94364166,12237968,cwipcdump,764871,H3,1228,Red&Black
H3_R0_1229.cwipcdump,14.94657516,12146496,cwipcdump,759154,H3,1229,Red&Black
H3_R0_1230.cwipcdump,15.94697952,12110224,cwipcdump,756887,H3,1230,Red&Black
H3_R0_1231.cwipcdump,14.94681358,12060384,cwipcdump,753772,H3,1231,Red&Black
H3_R0_1232.cwipcdump,15.9441185,12041200,cwipcdump,752573,H3,1232,Red&Black
H3_R0_1233.cwipcdump,17.46499062,11990416,cwipcdump,749399,H3,1233,Red&Black
H3_R0_1234.cwipcdump,15.94388008,12071488,cwipcdump,754466,H3,1234,Red&Black
H3_R0_1235.cwipcdump,14.94681358,12159984,cwipcdump,759997,H3,1235,Red&Black
H3_R0_1236.cwipcdump,15.9441185,12223600,cwipcdump,763973,H3,1236,Red&Black
H3_R0_1237.cwipcdump,15.45440674,12336624,cwipcdump,771037,H3,1237,Red&Black
H3_R0_1238.cwipcdump,15.9441185,12230384,cwipcdump,764397,H3,1238,Red&Black
H3_R0_1239.cwipcdump,15.9441185,12388928,cwipcdump,774306,H3,1239,Red&Black
H3_R0_1240.cwipcdump,15.94459534,12350224,cwipcdump,771887,H3,1240,Red&Black
H3_R0_1241.cwipcdump,15.45297623,12235136,cwipcdump,764694,H3,1241,Red&Black
H3_R0_1242.cwipcdump,15.9441185,12254608,cwipcdump,765911,H3,1242,Red&Black
H3_R0_1243.cwipcdump,15.94435692,12288176,cwipcdump,768009,H3,1243,Red&Black
H3_R0_1244.cwipcdump,15.45416832,12298592,cwipcdump,768660,H3,1244,Red&Black
H3_R0_1245.cwipcdump,15.9441185,12249872,cwipcdump,765615,H3,1245,Red&Black
H3_R0_1246.cwipcdump,15.94435692,12257840,cwipcdump,766113,H3,1246,Red&Black
H3_R0_1247.cwipcdump,14.94681358,12330096,cwipcdump,770629,H3,1247,Red&Black
H3_R0_1248.cwipcdump,16.37684822,12354528,cwipcdump,772156,H3,1248,Red&Black
H3_R0_1249.cwipcdump,15.94340324,12346944,cwipcdump,771682,H3,1249,Red&Black
H3_R0_1250.cwipcdump,14.94633675,12357104,cwipcdump,772317,H3,1250,Red&Black
H3_R0_1251.cwipcdump,14.94681358,12261792,cwipcdump,766360,H3,1251,Red&Black
H3_R0_1252.cwipcdump,15.94388008,12190128,cwipcdump,761881,H3,1252,Red&Black
H3_R0_1253.cwipcdump,14.94681358,11958112,cwipcdump,747380,H3,1253,Red&Black
H3_R0_1254.cwipcdump,14.94657516,11771824,cwipcdump,735737,H3,1254,Red&Black
H3_R0_1255.cwipcdump,14.94657516,11612496,cwipcdump,725779,H3,1255,Red&Black
H3_R0_1256.cwipcdump,13.9499855,11507968,cwipcdump,719246,H3,1256,Red&Black
H3_R0_1257.cwipcdump,13.94974709,11403248,cwipcdump,712701,H3,1257,Red&Black
H3_R0_1258.cwipcdump,14.94657516,11277200,cwipcdump,704823,H3,1258,Red&Black
H3_R0_1259.cwipcdump,14.94657516,11165840,cwipcdump,697863,H3,1259,Red&Black
H3_R0_1260.cwipcdump,13.94927025,11089712,cwipcdump,693105,H3,1260,Red&Black
H3_R0_1261.cwipcdump,13.94974709,11063280,cwipcdump,691453,H3,1261,Red&Black
H3_R0_1262.cwipcdump,14.94657516,11082320,cwipcdump,692643,H3,1262,Red&Black
H3_R0_1263.cwipcdump,13.94950867,11057104,cwipcdump,691067,H3,1263,Red&Black
H3_R0_1264.cwipcdump,13.94879341,11100928,cwipcdump,693806,H3,1264,Red&Black
H3_R0_1265.cwipcdump,13.94903183,11208528,cwipcdump,700531,H3,1265,Red&Black
H3_R0_1266.cwipcdump,13.94950867,11087584,cwipcdump,692972,H3,1266,Red&Black
H3_R0_1267.cwipcdump,13.94927025,11052144,cwipcdump,690757,H3,1267,Red&Black
H3_R0_1268.cwipcdump,13.94950867,10859568,cwipcdump,678721,H3,1268,Red&Black
H3_R0_1269.cwipcdump,13.94903183,10810624,cwipcdump,675662,H3,1269,Red&Black
H3_R0_1270.cwipcdump,17.93896675,10662688,cwipcdump,666416,H3,1270,Red&Black
H3_R0_1271.cwipcdump,13.94950867,10458944,cwipcdump,653682,H3,1271,Red&Black
H3_R0_1272.cwipcdump,12.95244217,10403328,cwipcdump,650206,H3,1272,Red&Black
H3_R0_1273.cwipcdump,14.94657516,10257328,cwipcdump,641081,H3,1273,Red&Black
H3_R0_1274.cwipcdump,14.94681358,10277680,cwipcdump,642353,H3,1274,Red&Black
H3_R0_1275.cwipcdump,12.95196533,10268016,cwipcdump,641749,H3,1275,Red&Black
H3_R0_1276.cwipcdump,12.95196533,10280720,cwipcdump,642543,H3,1276,Red&Black
H3_R0_1277.cwipcdump,13.94927025,10293200,cwipcdump,643323,H3,1277,Red&Black
H3_R0_1278.cwipcdump,12.95196533,10331216,cwipcdump,645699,H3,1278,Red&Black
H3_R0_1279.cwipcdump,13.94950867,10241152,cwipcdump,640070,H3,1279,Red&Black
H3_R0_1280.cwipcdump,12.95196533,10319088,cwipcdump,644941,H3,1280,Red&Black
H3_R0_1281.cwipcdump,13.94950867,10441392,cwipcdump,652585,H3,1281,Red&Black
H3_R0_1282.cwipcdump,12.95196533,10398144,cwipcdump,649882,H3,1282,Red&Black
H3_R0_1283.cwipcdump,13.45979691,10329520,cwipcdump,645593,H3,1283,Red&Black
H3_R0_1284.cwipcdump,12.95220375,10395472,cwipcdump,649715,H3,1284,Red&Black
H3_R0_1285.cwipcdump,12.95196533,10375680,cwipcdump,648478,H3,1285,Red&Black
H3_R0_1286.cwipcdump,13.94974709,10427776,cwipcdump,651734,H3,1286,Red&Black
H3_R0_1287.cwipcdump,12.95196533,10545760,cwipcdump,659108,H3,1287,Red&Black
H3_R0_1288.cwipcdump,13.94927025,10540400,cwipcdump,658773,H3,1288,Red&Black
H3_R0_1289.cwipcdump,13.94974709,10533680,cwipcdump,658353,H3,1289,Red&Black
H3_R0_1290.cwipcdump,14.94657516,10587168,cwipcdump,661696,H3,1290,Red&Black
H3_R0_1291.cwipcdump,14.94967461,10669280,cwipcdump,666828,H3,1291,Red&Black
H3_R0_1292.cwipcdump,13.94950867,10770016,cwipcdump,673124,H3,1292,Red&Black
H3_R0_1293.cwipcdump,14.94681358,10852592,cwipcdump,678285,H3,1293,Red&Black
H3_R0_1294.cwipcdump,13.94950867,11012080,cwipcdump,688253,H3,1294,Red&Black
H3_R0_1295.cwipcdump,14.94657516,11232640,cwipcdump,702038,H3,1295,Red&Black
H3_R0_1296.cwipcdump,14.94657516,11269456,cwipcdump,704339,H3,1296,Red&Black
H3_R0_1297.cwipcdump,15.94340324,11428720,cwipcdump,714293,H3,1297,Red&Black
H3_R0_1298.cwipcdump,14.94657516,11447280,cwipcdump,715453,H3,1298,Red&Black
H3_R0_1299.cwipcdump,15.94697952,11664592,cwipcdump,729035,H3,1299,Red&Black
H3_R0_1300.cwipcdump,15.9441185,11611696,cwipcdump,725729,H3,1300,Red&Black
H4_R0_1001.cwipcdump,50.85074425,16956992,cwipcdump,1059810,H4,1001,Soldier
H4_R0_1002.cwipcdump,20.9308815,16993472,cwipcdump,1062090,H4,1002,Soldier
H4_R0_1003.cwipcdump,20.93064308,16967456,cwipcdump,1060464,H4,1003,Soldier
H4_R0_1004.cwipcdump,20.93111992,16987408,cwipcdump,1061711,H4,1004,Soldier
H4_R0_1005.cwipcdump,22.92549133,16974976,cwipcdump,1060934,H4,1005,Soldier
H4_R0_1006.cwipcdump,36.88776016,16983280,cwipcdump,1061453,H4,1006,Soldier
H4_R0_1007.cwipcdump,35.89140892,16974928,cwipcdump,1060931,H4,1007,Soldier
H4_R0_1008.cwipcdump,27.91702271,16985568,cwipcdump,1061596,H4,1008,Soldier
H4_R0_1009.cwipcdump,22.93622017,16968624,cwipcdump,1060537,H4,1009,Soldier
H4_R0_1010.cwipcdump,20.93636513,16947264,cwipcdump,1059202,H4,1010,Soldier
H4_R0_1011.cwipcdump,20.9988308,16983648,cwipcdump,1061476,H4,1011,Soldier
H4_R0_1012.cwipcdump,19.98936653,16954960,cwipcdump,1059683,H4,1012,Soldier
H4_R0_1013.cwipcdump,20.9373188,16975312,cwipcdump,1060955,H4,1013,Soldier
H4_R0_1014.cwipcdump,20.47907829,16959792,cwipcdump,1059985,H4,1014,Soldier
H4_R0_1015.cwipcdump,20.92921257,16963472,cwipcdump,1060215,H4,1015,Soldier
H4_R0_1016.cwipcdump,19.93953705,16972752,cwipcdump,1060795,H4,1016,Soldier
H4_R0_1017.cwipcdump,19.94359016,16965904,cwipcdump,1060367,H4,1017,Soldier
H4_R0_1018.cwipcdump,20.92635155,16978080,cwipcdump,1061128,H4,1018,Soldier
H4_R0_1019.cwipcdump,19.93977547,16978368,cwipcdump,1061146,H4,1019,Soldier
H4_R0_1020.cwipcdump,19.94311333,16974624,cwipcdump,1060912,H4,1020,Soldier
H4_R0_1021.cwipcdump,19.50561523,16970816,cwipcdump,1060674,H4,1021,Soldier
H4_R0_1022.cwipcdump,20.44355392,16990496,cwipcdump,1061904,H4,1022,Soldier
H4_R0_1023.cwipcdump,19.94287491,16982880,cwipcdump,1061428,H4,1023,Soldier
H4_R0_1024.cwipcdump,20.88319778,16976320,cwipcdump,1061018,H4,1024,Soldier
H4_R0_1025.cwipcdump,21.07107162,16998944,cwipcdump,1062432,H4,1025,Soldier
H4_R0_1026.cwipcdump,19.94215965,16974192,cwipcdump,1060885,H4,1026,Soldier
H4_R0_1027.cwipcdump,19.93071556,16967120,cwipcdump,1060443,H4,1027,Soldier
H4_R0_1028.cwipcdump,20.93612671,16976128,cwipcdump,1061006,H4,1028,Soldier
H4_R0_1029.cwipcdump,21.02553368,16966240,cwipcdump,1060388,H4,1029,Soldier
H4_R0_1030.cwipcdump,19.99461174,16967424,cwipcdump,1060462,H4,1030,Soldier
H4_R0_1031.cwipcdump,20.93684196,16975072,cwipcdump,1060940,H4,1031,Soldier
H4_R0_1032.cwipcdump,20.02155304,16972000,cwipcdump,1060748,H4,1032,Soldier
H4_R0_1033.cwipcdump,22.03213692,16978176,cwipcdump,1061134,H4,1033,Soldier
H4_R0_1034.cwipcdump,21.03411674,16945328,cwipcdump,1059081,H4,1034,Soldier
H4_R0_1035.cwipcdump,19.96266365,16979216,cwipcdump,1061199,H4,1035,Soldier
H4_R0_1036.cwipcdump,19.96695518,16974288,cwipcdump,1060891,H4,1036,Soldier
H4_R0_1037.cwipcdump,20.02822876,16974464,cwipcdump,1060902,H4,1037,Soldier
H4_R0_1038.cwipcdump,20.44283867,16990496,cwipcdump,1061904,H4,1038,Soldier
H4_R0_1039.cwipcdump,19.93882179,16994544,cwipcdump,1062157,H4,1039,Soldier
H4_R0_1040.cwipcdump,20.94041824,16991776,cwipcdump,1061984,H4,1040,Soldier
H4_R0_1041.cwipcdump,19.93262291,16979888,cwipcdump,1061241,H4,1041,Soldier
H4_R0_1042.cwipcdump,19.93953705,16976016,cwipcdump,1060999,H4,1042,Soldier
H4_R0_1043.cwipcdump,20.93994141,16975776,cwipcdump,1060984,H4,1043,Soldier
H4_R0_1044.cwipcdump,21.00026131,16989472,cwipcdump,1061840,H4,1044,Soldier
H4_R0_1045.cwipcdump,20.44283867,16974384,cwipcdump,1060897,H4,1045,Soldier
H4_R0_1046.cwipcdump,19.94192123,16991856,cwipcdump,1061989,H4,1046,Soldier
H4_R0_1047.cwipcdump,20.77877045,16977904,cwipcdump,1061117,H4,1047,Soldier
H4_R0_1048.cwipcdump,19.93906021,16981024,cwipcdump,1061312,H4,1048,Soldier
H4_R0_1049.cwipcdump,21.00049973,16970192,cwipcdump,1060635,H4,1049,Soldier
H4_R0_1050.cwipcdump,20.43449402,16990496,cwipcdump,1061904,H4,1050,Soldier
H4_R0_1051.cwipcdump,19.93977547,16983824,cwipcdump,1061487,H4,1051,Soldier
H4_R0_1052.cwipcdump,22.93526649,16981792,cwipcdump,1061360,H4,1052,Soldier
H4_R0_1053.cwipcdump,24.77395058,16993632,cwipcdump,1062100,H4,1053,Soldier
H4_R0_1054.cwipcdump,23.93137932,17003072,cwipcdump,1062690,H4,1054,Soldier
H4_R0_1055.cwipcdump,23.4383297,16968080,cwipcdump,1060503,H4,1055,Soldier
H4_R0_1056.cwipcdump,23.93209457,16975408,cwipcdump,1060961,H4,1056,Soldier
H4_R0_1057.cwipcdump,24.07562256,16994656,cwipcdump,1062164,H4,1057,Soldier
H4_R0_1058.cwipcdump,23.93185616,16980960,cwipcdump,1061308,H4,1058,Soldier
H4_R0_1059.cwipcdump,24.94513512,16980672,cwipcdump,1061290,H4,1059,Soldier
H4_R0_1060.cwipcdump,23.93137932,16975120,cwipcdump,1060943,H4,1060,Soldier
H4_R0_1061.cwipcdump,23.9311409,16985264,cwipcdump,1061577,H4,1061,Soldier
H4_R0_1062.cwipcdump,22.15039253,16961392,cwipcdump,1060085,H4,1062,Soldier
H4_R0_1063.cwipcdump,21.93653107,16969152,cwipcdump,1060570,H4,1063,Soldier
H4_R0_1064.cwipcdump,22.00376511,16961984,cwipcdump,1060122,H4,1064,Soldier
H4_R0_1065.cwipcdump,21.93772316,16959920,cwipcdump,1059993,H4,1065,Soldier
H4_R0_1066.cwipcdump,21.00312233,16970112,cwipcdump,1060630,H4,1066,Soldier
H4_R0_1067.cwipcdump,21.44062042,16971904,cwipcdump,1060742,H4,1067,Soldier
H4_R0_1068.cwipcdump,20.94542503,16971680,cwipcdump,1060728,H4,1068,Soldier
H4_R0_1069.cwipcdump,20.77638626,16967840,cwipcdump,1060488,H4,1069,Soldier
H4_R0_1070.cwipcdump,20.9373188,16969536,cwipcdump,1060594,H4,1070,Soldier
H4_R0_1071.cwipcdump,20.93946457,16971792,cwipcdump,1060735,H4,1071,Soldier
H4_R0_1072.cwipcdump,20.44283867,16979632,cwipcdump,1061225,H4,1072,Soldier
H4_R0_1073.cwipcdump,20.93898773,16988304,cwipcdump,1061767,H4,1073,Soldier
H4_R0_1074.cwipcdump,20.93684196,16986656,cwipcdump,1061664,H4,1074,Soldier
H4_R0_1075.cwipcdump,20.93898773,16979184,cwipcdump,1061197,H4,1075,Soldier
H4_R0_1076.cwipcdump,20.93636513,16985648,cwipcdump,1061601,H4,1076,Soldier
H4_R0_1077.cwipcdump,21.93629265,16982080,cwipcdump,1061378,H4,1077,Soldier
H4_R0_1078.cwipcdump,21.93414688,16980672,cwipcdump,1061290,H4,1078,Soldier
H4_R0_1079.cwipcdump,21.46756172,16985664,cwipcdump,1061602,H4,1079,Soldier
H4_R0_1080.cwipcdump,20.93684196,17006640,cwipcdump,1062913,H4,1080,Soldier
H4_R0_1081.cwipcdump,21.93748474,16994624,cwipcdump,1062162,H4,1081,Soldier
H4_R0_1082.cwipcdump,21.93462372,16999536,cwipcdump,1062469,H4,1082,Soldier
H4_R0_1083.cwipcdump,21.94177628,17006096,cwipcdump,1062879,H4,1083,Soldier
H4_R0_1084.cwipcdump,20.93302727,16992880,cwipcdump,1062053,H4,1084,Soldier
H4_R0_1085.cwipcdump,20.93708038,17008912,cwipcdump,1063055,H4,1085,Soldier
H4_R0_1086.cwipcdump,20.93016624,17013744,cwipcdump,1063357,H4,1086,Soldier
H4_R0_1087.cwipcdump,20.9308815,17019056,cwipcdump,1063689,H4,1087,Soldier
H4_R0_1088.cwipcdump,21.93104744,17010496,cwipcdump,1063154,H4,1088,Soldier
H4_R0_1089.cwipcdump,20.93064308,17013344,cwipcdump,1063332,H4,1089,Soldier
H4_R0_1090.cwipcdump,20.93064308,17028672,cwipcdump,1064290,H4,1090,Soldier
H4_R0_1091.cwipcdump,20.9308815,17012192,cwipcdump,1063260,H4,1091,Soldier
H4_R0_1092.cwipcdump,20.9308815,17030080,cwipcdump,1064378,H4,1092,Soldier
H4_R0_1093.cwipcdump,20.93064308,17047296,cwipcdump,1065454,H4,1093,Soldier
H4_R0_1094.cwipcdump,20.8500576,17056160,cwipcdump,1066008,H4,1094,Soldier
H4_R0_1095.cwipcdump,20.9308815,17089312,cwipcdump,1068080,H4,1095,Soldier
H4_R0_1096.cwipcdump,20.93111992,17016448,cwipcdump,1063526,H4,1096,Soldier
H4_R0_1097.cwipcdump,20.93064308,16979008,cwipcdump,1061186,H4,1097,Soldier
H4_R0_1098.cwipcdump,20.9308815,16979968,cwipcdump,1061246,H4,1098,Soldier
H4_R0_1099.cwipcdump,21.92818642,16977312,cwipcdump,1061080,H4,1099,Soldier
H4_R0_1100.cwipcdump,20.9308815,16979168,cwipcdump,1061196,H4,1100,Soldier
H4_R0_1101.cwipcdump,21.92818642,17032880,cwipcdump,1064553,H4,1101,Soldier
H4_R0_1102.cwipcdump,20.44140816,17074304,cwipcdump,1067142,H4,1102,Soldier
H4_R0_1103.cwipcdump,20.93111992,17102288,cwipcdump,1068891,H4,1103,Soldier
H4_R0_1104.cwipcdump,20.93064308,17141136,cwipcdump,1071319,H4,1104,Soldier
H4_R0_1105.cwipcdump,20.93111992,17120384,cwipcdump,1070022,H4,1105,Soldier
H4_R0_1106.cwipcdump,20.9308815,17160080,cwipcdump,1072503,H4,1106,Soldier
H4_R0_1107.cwipcdump,20.9308815,17173792,cwipcdump,1073360,H4,1107,Soldier
H4_R0_1108.cwipcdump,21.927948,17206912,cwipcdump,1075430,H4,1108,Soldier
H4_R0_1109.cwipcdump,20.93064308,17188768,cwipcdump,1074296,H4,1109,Soldier
H4_R0_1110.cwipcdump,20.93040466,17166320,cwipcdump,1072893,H4,1110,Soldier
H4_R0_1111.cwipcdump,22.92525291,17107936,cwipcdump,1069244,H4,1111,Soldier
H4_R0_1112.cwipcdump,20.93040466,16997664,cwipcdump,1062352,H4,1112,Soldier
H4_R0_1113.cwipcdump,20.93064308,16886048,cwipcdump,1055376,H4,1113,Soldier
H4_R0_1114.cwipcdump,21.927948,16813504,cwipcdump,1050842,H4,1114,Soldier
H4_R0_1115.cwipcdump,20.9308815,16795456,cwipcdump,1049714,H4,1115,Soldier
H4_R0_1116.cwipcdump,19.93357658,16781088,cwipcdump,1048816,H4,1116,Soldier
H4_R0_1117.cwipcdump,22.92572975,16737536,cwipcdump,1046094,H4,1117,Soldier
H4_R0_1118.cwipcdump,21.927948,16753360,cwipcdump,1047083,H4,1118,Soldier
H4_R0_1119.cwipcdump,25.91740608,16735888,cwipcdump,1045991,H4,1119,Soldier
H4_R0_1120.cwipcdump,21.92842484,16733408,cwipcdump,1045836,H4,1120,Soldier
H4_R0_1121.cwipcdump,21.92770958,16743328,cwipcdump,1046456,H4,1121,Soldier
H4_R0_1122.cwipcdump,20.93064308,16719792,cwipcdump,1044985,H4,1122,Soldier
H4_R0_1123.cwipcdump,21.92770958,16719264,cwipcdump,1044952,H4,1123,Soldier
H4_R0_1124.cwipcdump,20.93064308,16740992,cwipcdump,1046310,H4,1124,Soldier
H4_R0_1125.cwipcdump,21.92818642,16726640,cwipcdump,1045413,H4,1125,Soldier
H4_R0_1126.cwipcdump,20.93064308,16718480,cwipcdump,1044903,H4,1126,Soldier
H4_R0_1127.cwipcdump,22.92549133,16712240,cwipcdump,1044513,H4,1127,Soldier
H4_R0_1128.cwipcdump,23.43213081,16730752,cwipcdump,1045670,H4,1128,Soldier
H4_R0_1129.cwipcdump,21.92818642,16731296,cwipcdump,1045704,H4,1129,Soldier
H4_R0_1130.cwipcdump,21.927948,16738192,cwipcdump,1046135,H4,1130,Soldier
H4_R0_1131.cwipcdump,21.93152428,16738000,cwipcdump,1046123,H4,1131,Soldier
H4_R0_1132.cwipcdump,21.927948,16747136,cwipcdump,1046694,H4,1132,Soldier
H4_R0_1133.cwipcdump,22.92549133,16756672,cwipcdump,1047290,H4,1133,Soldier
H4_R0_1134.cwipcdump,21.927948,16746880,cwipcdump,1046678,H4,1134,Soldier
H4_R0_1135.cwipcdump,21.92818642,16752576,cwipcdump,1047034,H4,1135,Soldier
H4_R0_1136.cwipcdump,21.92842484,16739376,cwipcdump,1046209,H4,1136,Soldier
H4_R0_1137.cwipcdump,20.9308815,16741600,cwipcdump,1046348,H4,1137,Soldier
H4_R0_1138.cwipcdump,22.92525291,16720352,cwipcdump,1045020,H4,1138,Soldier
H4_R0_1139.cwipcdump,21.9317627,16741664,cwipcdump,1046352,H4,1139,Soldier
H4_R0_1140.cwipcdump,21.92818642,16733696,cwipcdump,1045854,H4,1140,Soldier
H4_R0_1141.cwipcdump,20.93040466,16774128,cwipcdump,1048381,H4,1141,Soldier
H4_R0_1142.cwipcdump,20.93040466,16867600,cwipcdump,1054223,H4,1142,Soldier
H4_R0_1143.cwipcdump,20.93064308,16934160,cwipcdump,1058383,H4,1143,Soldier
H4_R0_1144.cwipcdump,21.927948,17078480,cwipcdump,1067403,H4,1144,Soldier
H4_R0_1145.cwipcdump,21.4377594,17159712,cwipcdump,1072480,H4,1145,Soldier
H4_R0_1146.cwipcdump,20.93040466,17266608,cwipcdump,1079161,H4,1146,Soldier
H4_R0_1147.cwipcdump,23.92255783,17324064,cwipcdump,1082752,H4,1147,Soldier
H4_R0_1148.cwipcdump,20.93064308,17357216,cwipcdump,1084824,H4,1148,Soldier
H4_R0_1149.cwipcdump,20.93040466,17446944,cwipcdump,1090432,H4,1149,Soldier
H4_R0_1150.cwipcdump,21.92818642,17426864,cwipcdump,1089177,H4,1150,Soldier
H4_R0_1151.cwipcdump,21.92770958,17454656,cwipcdump,1090914,H4,1151,Soldier
H4_R0_1152.cwipcdump,21.92842484,17446816,cwipcdump,1090424,H4,1152,Soldier
H4_R0_1153.cwipcdump,21.92818642,17432560,cwipcdump,1089533,H4,1153,Soldier
H4_R0_1154.cwipcdump,21.92770958,17421584,cwipcdump,1088847,H4,1154,Soldier
H4_R0_1155.cwipcdump,20.9308815,17425488,cwipcdump,1089091,H4,1155,Soldier
H4_R0_1156.cwipcdump,21.92818642,17445376,cwipcdump,1090334,H4,1156,Soldier
H4_R0_1157.cwipcdump,21.92818642,17485552,cwipcdump,1092845,H4,1157,Soldier
H4_R0_1158.cwipcdump,21.92818642,17451248,cwipcdump,1090701,H4,1158,Soldier
H4_R0_1159.cwipcdump,21.92818642,17398688,cwipcdump,1087416,H4,1159,Soldier
H4_R0_1160.cwipcdump,21.927948,17376272,cwipcdump,1086015,H4,1160,Soldier
H4_R0_1161.cwipcdump,20.93064308,17373088,cwipcdump,1085816,H4,1161,Soldier
H4_R0_1162.cwipcdump,21.92818642,17376624,cwipcdump,1086037,H4,1162,Soldier
H4_R0_1163.cwipcdump,20.93064308,17377664,cwipcdump,1086102,H4,1163,Soldier
H4_R0_1164.cwipcdump,21.927948,17371984,cwipcdump,1085747,H4,1164,Soldier
H4_R0_1165.cwipcdump,21.92818642,17375008,cwipcdump,1085936,H4,1165,Soldier
H4_R0_1166.cwipcdump,21.92842484,17379712,cwipcdump,1086230,H4,1166,Soldier
H4_R0_1167.cwipcdump,21.92747116,17340160,cwipcdump,1083758,H4,1167,Soldier
H4_R0_1168.cwipcdump,21.927948,17352464,cwipcdump,1084527,H4,1168,Soldier
H4_R0_1169.cwipcdump,20.93016624,17351360,cwipcdump,1084458,H4,1169,Soldier
H4_R0_1170.cwipcdump,22.43554115,17340960,cwipcdump,1083808,H4,1170,Soldier
H4_R0_1171.cwipcdump,20.9308815,17349936,cwipcdump,1084369,H4,1171,Soldier
H4_R0_1172.cwipcdump,21.92842484,17327376,cwipcdump,1082959,H4,1172,Soldier
H4_R0_1173.cwipcdump,20.93517303,17338160,cwipcdump,1083633,H4,1173,Soldier
H4_R0_1174.cwipcdump,21.92770958,17356592,cwipcdump,1084785,H4,1174,Soldier
H4_R0_1175.cwipcdump,22.92549133,17324208,cwipcdump,1082761,H4,1175,Soldier
H4_R0_1176.cwipcdump,21.93128586,17320992,cwipcdump,1082560,H4,1176,Soldier
H4_R0_1177.cwipcdump,20.93064308,17335408,cwipcdump,1083461,H4,1177,Soldier
H4_R0_1178.cwipcdump,20.93064308,17355760,cwipcdump,1084733,H4,1178,Soldier
H4_R0_1179.cwipcdump,21.927948,17358592,cwipcdump,1084910,H4,1179,Soldier
H4_R0_1180.cwipcdump,21.92770958,17429088,cwipcdump,1089316,H4,1180,Soldier
H4_R0_1181.cwipcdump,21.92770958,17458592,cwipcdump,1091160,H4,1181,Soldier
H4_R0_1182.cwipcdump,20.93064308,17457936,cwipcdump,1091119,H4,1182,Soldier
H4_R0_1183.cwipcdump,21.92818642,17484800,cwipcdump,1092798,H4,1183,Soldier
H4_R0_1184.cwipcdump,22.43554115,17481936,cwipcdump,1092619,H4,1184,Soldier
H4_R0_1185.cwipcdump,20.9308815,17481648,cwipcdump,1092601,H4,1185,Soldier
H4_R0_1186.cwipcdump,21.927948,17457760,cwipcdump,1091108,H4,1186,Soldier
H4_R0_1187.cwipcdump,21.4377594,17491088,cwipcdump,1093191,H4,1187,Soldier
H4_R0_1188.cwipcdump,21.927948,17486736,cwipcdump,1092919,H4,1188,Soldier
H4_R0_1189.cwipcdump,20.9308815,17478400,cwipcdump,1092398,H4,1189,Soldier
H4_R0_1190.cwipcdump,21.43799782,17472480,cwipcdump,1092028,H4,1190,Soldier
H4_R0_1191.cwipcdump,21.92818642,17457344,cwipcdump,1091082,H4,1191,Soldier
H4_R0_1192.cwipcdump,21.927948,17454544,cwipcdump,1090907,H4,1192,Soldier
H4_R0_1193.cwipcdump,22.4348259,17463984,cwipcdump,1091497,H4,1193,Soldier
H4_R0_1194.cwipcdump,20.93064308,17452848,cwipcdump,1090801,H4,1194,Soldier
H4_R0_1195.cwipcdump,21.927948,17456864,cwipcdump,1091052,H4,1195,Soldier
H4_R0_1196.cwipcdump,21.92770958,17439936,cwipcdump,1089994,H4,1196,Soldier
H4_R0_1197.cwipcdump,21.92842484,17432592,cwipcdump,1089535,H4,1197,Soldier
H4_R0_1198.cwipcdump,20.93135834,17437056,cwipcdump,1089814,H4,1198,Soldier
H4_R0_1199.cwipcdump,21.92770958,17420656,cwipcdump,1088789,H4,1199,Soldier
H4_R0_1200.cwipcdump,20.93064308,17432896,cwipcdump,1089554,H4,1200,Soldier
H4_R0_1201.cwipcdump,21.927948,17439296,cwipcdump,1089954,H4,1201,Soldier
H4_R0_1202.cwipcdump,20.93111992,17421440,cwipcdump,1088838,H4,1202,Soldier
H4_R0_1203.cwipcdump,21.92818642,17421152,cwipcdump,1088820,H4,1203,Soldier
H4_R0_1204.cwipcdump,23.92255783,17435024,cwipcdump,1089687,H4,1204,Soldier
H4_R0_1205.cwipcdump,21.92818642,17414480,cwipcdump,1088403,H4,1205,Soldier
H4_R0_1206.cwipcdump,20.93064308,17418416,cwipcdump,1088649,H4,1206,Soldier
H4_R0_1207.cwipcdump,20.93064308,17405744,cwipcdump,1087857,H4,1207,Soldier
H4_R0_1208.cwipcdump,21.927948,17414960,cwipcdump,1088433,H4,1208,Soldier
H4_R0_1209.cwipcdump,21.927948,17414240,cwipcdump,1088388,H4,1209,Soldier
H4_R0_1210.cwipcdump,21.92842484,17411104,cwipcdump,1088192,H4,1210,Soldier
H4_R0_1211.cwipcdump,20.93064308,17437536,cwipcdump,1089844,H4,1211,Soldier
H4_R0_1212.cwipcdump,21.927948,17434608,cwipcdump,1089661,H4,1212,Soldier
H4_R0_1213.cwipcdump,20.93040466,17434464,cwipcdump,1089652,H4,1213,Soldier
H4_R0_1214.cwipcdump,21.92818642,17441472,cwipcdump,1090090,H4,1214,Soldier
H4_R0_1215.cwipcdump,43.86960983,17438080,cwipcdump,1089878,H4,1215,Soldier
H4_R0_1216.cwipcdump,40.87745667,17441440,cwipcdump,1090088,H4,1216,Soldier
H4_R0_1217.cwipcdump,22.43601799,17435280,cwipcdump,1089703,H4,1217,Soldier
H4_R0_1218.cwipcdump,21.92818642,17440192,cwipcdump,1090010,H4,1218,Soldier
H4_R0_1219.cwipcdump,20.9308815,17431616,cwipcdump,1089474,H4,1219,Soldier
H4_R0_1220.cwipcdump,21.93080902,17454640,cwipcdump,1090913,H4,1220,Soldier
H4_R0_1221.cwipcdump,21.92818642,17436880,cwipcdump,1089803,H4,1221,Soldier
H4_R0_1222.cwipcdump,21.92818642,17425248,cwipcdump,1089076,H4,1222,Soldier
H4_R0_1223.cwipcdump,42.87230492,17446080,cwipcdump,1090378,H4,1223,Soldier
H4_R0_1224.cwipcdump,21.92770958,17441712,cwipcdump,1090105,H4,1224,Soldier
H4_R0_1225.cwipcdump,21.92747116,17444816,cwipcdump,1090299,H4,1225,Soldier
H4_R0_1226.cwipcdump,41.87452316,17444800,cwipcdump,1090298,H4,1226,Soldier
H4_R0_1227.cwipcdump,21.9317627,17457056,cwipcdump,1091064,H4,1227,Soldier
H4_R0_1228.cwipcdump,41.875,17459744,cwipcdump,1091232,H4,1228,Soldier
H4_R0_1229.cwipcdump,24.42991257,17479440,cwipcdump,1092463,H4,1229,Soldier
H4_R0_1230.cwipcdump,20.9308815,17517664,cwipcdump,1094852,H4,1230,Soldier
H4_R0_1231.cwipcdump,41.87476158,17586000,cwipcdump,1099123,H4,1231,Soldier
H4_R0_1232.cwipcdump,21.92770958,17663616,cwipcdump,1103974,H4,1232,Soldier
H4_R0_1233.cwipcdump,21.92770958,17618368,cwipcdump,1101146,H4,1233,Soldier
H4_R0_1234.cwipcdump,42.38163948,17636864,cwipcdump,1102302,H4,1234,Soldier
H4_R0_1235.cwipcdump,20.93111992,17659312,cwipcdump,1103705,H4,1235,Soldier
H4_R0_1236.cwipcdump,42.38163948,17661408,cwipcdump,1103836,H4,1236,Soldier
H4_R0_1237.cwipcdump,41.87452316,17612480,cwipcdump,1100778,H4,1237,Soldier
H4_R0_1238.cwipcdump,41.87476158,17604256,cwipcdump,1100264,H4,1238,Soldier
H4_R0_1239.cwipcdump,21.92842484,17595136,cwipcdump,1099694,H4,1239,Soldier
H4_R0_1240.cwipcdump,20.9308815,17581632,cwipcdump,1098850,H4,1240,Soldier
H4_R0_1241.cwipcdump,40.87745667,17575344,cwipcdump,1098457,H4,1241,Soldier
H4_R0_1242.cwipcdump,21.92770958,17548240,cwipcdump,1096763,H4,1242,Soldier
H4_R0_1243.cwipcdump,20.93040466,17510512,cwipcdump,1094405,H4,1243,Soldier
H4_R0_1244.cwipcdump,21.93319321,17487264,cwipcdump,1092952,H4,1244,Soldier
H4_R0_1245.cwipcdump,21.92770958,17476720,cwipcdump,1092293,H4,1245,Soldier
H4_R0_1246.cwipcdump,21.92770958,17464928,cwipcdump,1091556,H4,1246,Soldier
H4_R0_1247.cwipcdump,21.927948,17465584,cwipcdump,1091597,H4,1247,Soldier
H4_R0_1248.cwipcdump,21.92842484,17471168,cwipcdump,1091946,H4,1248,Soldier
H4_R0_1249.cwipcdump,20.93111992,17444496,cwipcdump,1090279,H4,1249,Soldier
H4_R0_1250.cwipcdump,21.927948,17433248,cwipcdump,1089576,H4,1250,Soldier
H4_R0_1251.cwipcdump,21.92770958,17424448,cwipcdump,1089026,H4,1251,Soldier
H4_R0_1252.cwipcdump,20.93016624,17420304,cwipcdump,1088767,H4,1252,Soldier
H4_R0_1253.cwipcdump,30.90393066,17421568,cwipcdump,1088846,H4,1253,Soldier
H4_R0_1254.cwipcdump,21.92770958,17396800,cwipcdump,1087298,H4,1254,Soldier
H4_R0_1255.cwipcdump,20.93064308,17433824,cwipcdump,1089612,H4,1255,Soldier
H4_R0_1256.cwipcdump,41.875,17393424,cwipcdump,1087087,H4,1256,Soldier
H4_R0_1257.cwipcdump,21.92842484,17415712,cwipcdump,1088480,H4,1257,Soldier
H4_R0_1258.cwipcdump,21.92842484,17359504,cwipcdump,1084967,H4,1258,Soldier
H4_R0_1259.cwipcdump,21.43871307,17412160,cwipcdump,1088258,H4,1259,Soldier
H4_R0_1260.cwipcdump,21.92770958,17397776,cwipcdump,1087359,H4,1260,Soldier
H4_R0_1261.cwipcdump,21.927948,17403024,cwipcdump,1087687,H4,1261,Soldier
H4_R0_1262.cwipcdump,21.93152428,17412240,cwipcdump,1088263,H4,1262,Soldier
H4_R0_1263.cwipcdump,21.927948,17440176,cwipcdump,1090009,H4,1263,Soldier
H4_R0_1264.cwipcdump,20.93064308,17417296,cwipcdump,1088579,H4,1264,Soldier
H4_R0_1265.cwipcdump,21.92818642,17444208,cwipcdump,1090261,H4,1265,Soldier
H4_R0_1266.cwipcdump,21.92842484,17401744,cwipcdump,1087607,H4,1266,Soldier
H4_R0_1267.cwipcdump,22.92549133,17432880,cwipcdump,1089553,H4,1267,Soldier
H4_R0_1268.cwipcdump,20.9308815,17422176,cwipcdump,1088884,H4,1268,Soldier
H4_R0_1269.cwipcdump,21.92770958,17450704,cwipcdump,1090667,H4,1269,Soldier
H4_R0_1270.cwipcdump,21.93128586,17437728,cwipcdump,1089856,H4,1270,Soldier
H4_R0_1271.cwipcdump,20.93064308,17461696,cwipcdump,1091354,H4,1271,Soldier
H4_R0_1272.cwipcdump,21.92818642,17429904,cwipcdump,1089367,H4,1272,Soldier
H4_R0_1273.cwipcdump,21.4441967,17428096,cwipcdump,1089254,H4,1273,Soldier
H4_R0_1274.cwipcdump,20.93111992,17435904,cwipcdump,1089742,H4,1274,Soldier
H4_R0_1275.cwipcdump,21.92818642,17459488,cwipcdump,1091216,H4,1275,Soldier
H4_R0_1276.cwipcdump,21.43752098,17429920,cwipcdump,1089368,H4,1276,Soldier
H4_R0_1277.cwipcdump,20.9308815,17403392,cwipcdump,1087710,H4,1277,Soldier
H4_R0_1278.cwipcdump,21.92770958,17492400,cwipcdump,1093273,H4,1278,Soldier
H4_R0_1279.cwipcdump,20.93040466,17493824,cwipcdump,1093362,H4,1279,Soldier
H4_R0_1280.cwipcdump,24.91962433,17399088,cwipcdump,1087441,H4,1280,Soldier
H4_R0_1281.cwipcdump,42.38116264,17449296,cwipcdump,1090579,H4,1281,Soldier
H4_R0_1282.cwipcdump,21.927948,17421632,cwipcdump,1088850,H4,1282,Soldier
H4_R0_1283.cwipcdump,41.87476158,17465792,cwipcdump,1091610,H4,1283,Soldier
H4_R0_1284.cwipcdump,41.87476158,17432688,cwipcdump,1089541,H4,1284,Soldier
H4_R0_1285.cwipcdump,21.927948,17410160,cwipcdump,1088133,H4,1285,Soldier
H4_R0_1286.cwipcdump,21.927948,17414672,cwipcdump,1088415,H4,1286,Soldier
H4_R0_1287.cwipcdump,41.875,17405984,cwipcdump,1087872,H4,1287,Soldier
H4_R0_1288.cwipcdump,21.92818642,17460640,cwipcdump,1091288,H4,1288,Soldier
H4_R0_1289.cwipcdump,21.92770958,17457360,cwipcdump,1091083,H4,1289,Soldier
H4_R0_1290.cwipcdump,21.92770958,17503296,cwipcdump,1093954,H4,1290,Soldier
H4_R0_1291.cwipcdump,20.93111992,17451968,cwipcdump,1090746,H4,1291,Soldier
H4_R0_1292.cwipcdump,21.92770958,17460384,cwipcdump,1091272,H4,1292,Soldier
H4_R0_1293.cwipcdump,41.87428474,17419616,cwipcdump,1088724,H4,1293,Soldier
H4_R0_1294.cwipcdump,21.927948,17410896,cwipcdump,1088179,H4,1294,Soldier
H4_R0_1295.cwipcdump,20.93064308,17451200,cwipcdump,1090698,H4,1295,Soldier
H4_R0_1296.cwipcdump,21.92842484,17421456,cwipcdump,1088839,H4,1296,Soldier
H4_R0_1297.cwipcdump,20.93064308,17536736,cwipcdump,1096044,H4,1297,Soldier
H4_R0_1298.cwipcdump,22.92525291,17567392,cwipcdump,1097960,H4,1298,Soldier
H4_R0_1299.cwipcdump,21.92818642,17526688,cwipcdump,1095416,H4,1299,Soldier
H4_R0_1300.cwipcdump,21.92818642,17627088,cwipcdump,1101691,H4,1300,Soldier
