Filename,readtime,filesize,format,pointcount,filesizeMB
H4_R0_1001,48.95183372,16956992,SerializedBinary,1059810,16.17144775
H4_R0_1002,19.00908279,16993472,SerializedBinary,1062090,16.20623779
H4_R0_1003,20.0190239,16967456,SerializedBinary,1060464,16.181427
H4_R0_1004,20.0011425,16987408,SerializedBinary,1061711,16.20045471
H4_R0_1005,20.94194221,16974976,SerializedBinary,1060934,16.18859863
H4_R0_1006,20.02903748,16983280,SerializedBinary,1061453,16.19651794
H4_R0_1007,19.99923515,16974928,SerializedBinary,1060931,16.18855286
H4_R0_1008,21.02038193,16985568,SerializedBinary,1061596,16.19869995
H4_R0_1009,18.99382401,16968624,SerializedBinary,1060537,16.18254089
H4_R0_1010,18.99954605,16947264,SerializedBinary,1059202,16.16217041
H4_R0_1011,18.9783268,16983648,SerializedBinary,1061476,16.1968689
H4_R0_1012,19.01766586,16954960,SerializedBinary,1059683,16.16950989
H4_R0_1013,19.02648735,16975312,SerializedBinary,1060955,16.18891907
H4_R0_1014,18.9552002,16959792,SerializedBinary,1059985,16.17411804
H4_R0_1015,19.00216866,16963472,SerializedBinary,1060215,16.17762756
H4_R0_1016,18.9475708,16972752,SerializedBinary,1060795,16.18647766
H4_R0_1017,18.96497536,16965904,SerializedBinary,1060367,16.1799469
H4_R0_1018,18.00915527,16978080,SerializedBinary,1061128,16.19155884
H4_R0_1019,18.01606941,16978368,SerializedBinary,1061146,16.1918335
H4_R0_1020,18.9706974,16974624,SerializedBinary,1060912,16.18826294
H4_R0_1021,18.99525452,16970816,SerializedBinary,1060674,16.18463135
H4_R0_1022,18.0043869,16990496,SerializedBinary,1061904,16.20339966
H4_R0_1023,19.01671219,16982880,SerializedBinary,1061428,16.19613647
H4_R0_1024,20.02116966,16976320,SerializedBinary,1061018,16.18988037
H4_R0_1025,19.21197701,16998944,SerializedBinary,1062432,16.2114563
H4_R0_1026,18.91395378,16974192,SerializedBinary,1060885,16.18785095
H4_R0_1027,17.93977547,16967120,SerializedBinary,1060443,16.18110657
H4_R0_1028,18.99787712,16976128,SerializedBinary,1061006,16.18969727
H4_R0_1029,18.0184536,16966240,SerializedBinary,1060388,16.18026733
H4_R0_1030,18.93708038,16967424,SerializedBinary,1060462,16.18139648
H4_R0_1031,19.04269981,16975072,SerializedBinary,1060940,16.18869019
H4_R0_1032,17.9710083,16972000,SerializedBinary,1060748,16.1857605
H4_R0_1033,19.51643753,16978176,SerializedBinary,1061134,16.19165039
H4_R0_1034,19.0488987,16945328,SerializedBinary,1059081,16.1603241
H4_R0_1035,17.96576309,16979216,SerializedBinary,1061199,16.19264221
H4_R0_1036,18.97141266,16974288,SerializedBinary,1060891,16.1879425
H4_R0_1037,18.02036095,16974464,SerializedBinary,1060902,16.18811035
H4_R0_1038,18.96521378,16990496,SerializedBinary,1061904,16.20339966
H4_R0_1039,18.99620819,16994544,SerializedBinary,1062157,16.20726013
H4_R0_1040,18.04873276,16991776,SerializedBinary,1061984,16.20462036
H4_R0_1041,18.98786354,16979888,SerializedBinary,1061241,16.19328308
H4_R0_1042,18.03752708,16976016,SerializedBinary,1060999,16.18959045
H4_R0_1043,20.03046799,16975776,SerializedBinary,1060984,16.18936157
H4_R0_1044,21.95545959,16989472,SerializedBinary,1061840,16.2024231
H4_R0_1045,21.91588211,16974384,SerializedBinary,1060897,16.18803406
H4_R0_1046,22.03699875,16991856,SerializedBinary,1061989,16.20469666
H4_R0_1047,23.04336357,16977904,SerializedBinary,1061117,16.19139099
H4_R0_1048,22.97684479,16981024,SerializedBinary,1061312,16.19436646
H4_R0_1049,22.01363373,16970192,SerializedBinary,1060635,16.18403625
H4_R0_1050,22.00099754,16990496,SerializedBinary,1061904,16.20339966
H4_R0_1051,22.02007103,16983824,SerializedBinary,1061487,16.19703674
H4_R0_1052,22.01101112,16981792,SerializedBinary,1061360,16.19509888
H4_R0_1053,20.12917328,16993632,SerializedBinary,1062100,16.20639038
H4_R0_1054,18.92325211,17003072,SerializedBinary,1062690,16.21539307
H4_R0_1055,19.93414688,16968080,SerializedBinary,1060503,16.18202209
H4_R0_1056,21.99241447,16975408,SerializedBinary,1060961,16.18901062
H4_R0_1057,19.93724632,16994656,SerializedBinary,1062164,16.20736694
H4_R0_1058,19.95465088,16980960,SerializedBinary,1061308,16.19430542
H4_R0_1059,19.00884438,16980672,SerializedBinary,1061290,16.19403076
H4_R0_1060,19.96013451,16975120,SerializedBinary,1060943,16.18873596
H4_R0_1061,19.98683739,16985264,SerializedBinary,1061577,16.19841003
H4_R0_1062,19.99565887,16961392,SerializedBinary,1060085,16.17564392
H4_R0_1063,19.03125572,16969152,SerializedBinary,1060570,16.18304443
H4_R0_1064,17.94001389,16961984,SerializedBinary,1060122,16.1762085
H4_R0_1065,18.99692345,16959920,SerializedBinary,1059993,16.17424011
H4_R0_1066,18.99072456,16970112,SerializedBinary,1060630,16.18395996
H4_R0_1067,18.9411335,16971904,SerializedBinary,1060742,16.18566895
H4_R0_1068,19.93414688,16971680,SerializedBinary,1060728,16.18545532
H4_R0_1069,18.94017982,16967840,SerializedBinary,1060488,16.18179321
H4_R0_1070,19.00193024,16969536,SerializedBinary,1060594,16.18341064
H4_R0_1071,18.99954605,16971792,SerializedBinary,1060735,16.18556213
H4_R0_1072,19.96204185,16979632,SerializedBinary,1061225,16.19303894
H4_R0_1073,19.99494362,16988304,SerializedBinary,1061767,16.2013092
H4_R0_1074,20.4810791,16986656,SerializedBinary,1061664,16.19973755
H4_R0_1075,19.02934837,16979184,SerializedBinary,1061197,16.19261169
H4_R0_1076,17.99771118,16985648,SerializedBinary,1061601,16.19877625
H4_R0_1077,19.04722977,16982080,SerializedBinary,1061378,16.19537354
H4_R0_1078,18.96187592,16980672,SerializedBinary,1061290,16.19403076
H4_R0_1079,19.0322094,16985664,SerializedBinary,1061602,16.1987915
H4_R0_1080,20.00519562,17006640,SerializedBinary,1062913,16.21879578
H4_R0_1081,20.02975273,16994624,SerializedBinary,1062162,16.20733643
H4_R0_1082,20.01807022,16999536,SerializedBinary,1062469,16.21202087
H4_R0_1083,18.49028397,17006096,SerializedBinary,1062879,16.21827698
H4_R0_1084,19.06344223,16992880,SerializedBinary,1062053,16.20567322
H4_R0_1085,18.98023415,17008912,SerializedBinary,1063055,16.22096252
H4_R0_1086,19.00455284,17013744,SerializedBinary,1063357,16.22557068
H4_R0_1087,20.01115608,17019056,SerializedBinary,1063689,16.2306366
H4_R0_1088,21.02038193,17010496,SerializedBinary,1063154,16.22247314
H4_R0_1089,19.93367004,17013344,SerializedBinary,1063332,16.22518921
H4_R0_1090,19.00049973,17028672,SerializedBinary,1064290,16.23980713
H4_R0_1091,20.96196938,17012192,SerializedBinary,1063260,16.22409058
H4_R0_1092,19.97873116,17030080,SerializedBinary,1064378,16.2411499
H4_R0_1093,19.99637413,17047296,SerializedBinary,1065454,16.25756836
H4_R0_1094,20.02116966,17056160,SerializedBinary,1066008,16.26602173
H4_R0_1095,19.08132362,17089312,SerializedBinary,1068080,16.29763794
H4_R0_1096,19.02910995,17016448,SerializedBinary,1063526,16.22814941
H4_R0_1097,19.06225014,16979008,SerializedBinary,1061186,16.19244385
H4_R0_1098,18.50053596,16979968,SerializedBinary,1061246,16.19335938
H4_R0_1099,19.03316307,16977312,SerializedBinary,1061080,16.19082642
H4_R0_1100,19.99899673,16979168,SerializedBinary,1061196,16.19259644
H4_R0_1101,20.16755867,17032880,SerializedBinary,1064553,16.24382019
H4_R0_1102,19.93724632,17074304,SerializedBinary,1067142,16.2833252
H4_R0_1103,19.98135376,17102288,SerializedBinary,1068891,16.31001282
H4_R0_1104,19.9215107,17141136,SerializedBinary,1071319,16.34706116
H4_R0_1105,18.99835396,17120384,SerializedBinary,1070022,16.32727051
H4_R0_1106,19.99494362,17160080,SerializedBinary,1072503,16.36512756
H4_R0_1107,19.99255943,17173792,SerializedBinary,1073360,16.37820435
H4_R0_1108,19.98588371,17206912,SerializedBinary,1075430,16.40979004
H4_R0_1109,18.99000931,17188768,SerializedBinary,1074296,16.39248657
H4_R0_1110,21.9888382,17166320,SerializedBinary,1072893,16.37107849
H4_R0_1111,19.99518204,17107936,SerializedBinary,1069244,16.31539917
H4_R0_1112,19.93796158,16997664,SerializedBinary,1062352,16.2102356
H4_R0_1113,18.97570419,16886048,SerializedBinary,1055376,16.10379028
H4_R0_1114,18.9718895,16813504,SerializedBinary,1050842,16.03460693
H4_R0_1115,18.98762512,16795456,SerializedBinary,1049714,16.01739502
H4_R0_1116,20.01878548,16781088,SerializedBinary,1048816,16.00369263
H4_R0_1117,19.95274353,16737536,SerializedBinary,1046094,15.9621582
H4_R0_1118,19.99446678,16753360,SerializedBinary,1047083,15.97724915
H4_R0_1119,20.98581123,16735888,SerializedBinary,1045991,15.96058655
H4_R0_1120,20.02498436,16733408,SerializedBinary,1045836,15.95822144
H4_R0_1121,20.01997757,16743328,SerializedBinary,1046456,15.96768188
H4_R0_1122,20.04954147,16719792,SerializedBinary,1044985,15.94523621
H4_R0_1123,19.99112892,16719264,SerializedBinary,1044952,15.94473267
H4_R0_1124,19.95655823,16740992,SerializedBinary,1046310,15.9654541
H4_R0_1125,20.99224854,16726640,SerializedBinary,1045413,15.95176697
H4_R0_1126,21.03683281,16718480,SerializedBinary,1044903,15.94398499
H4_R0_1127,19.99303627,16712240,SerializedBinary,1044513,15.93803406
H4_R0_1128,19.96967125,16730752,SerializedBinary,1045670,15.95568848
H4_R0_1129,19.91984177,16731296,SerializedBinary,1045704,15.95620728
H4_R0_1130,20.01330185,16738192,SerializedBinary,1046135,15.96278381
H4_R0_1131,20.20499039,16738000,SerializedBinary,1046123,15.96260071
H4_R0_1132,20.9340744,16747136,SerializedBinary,1046694,15.97131348
H4_R0_1133,19.9370079,16756672,SerializedBinary,1047290,15.98040771
H4_R0_1134,19.98493004,16746880,SerializedBinary,1046678,15.97106934
H4_R0_1135,20.00328827,16752576,SerializedBinary,1047034,15.97650146
H4_R0_1136,20.48227119,16739376,SerializedBinary,1046209,15.96391296
H4_R0_1137,19.9920826,16741600,SerializedBinary,1046348,15.96603394
H4_R0_1138,23.03025055,16720352,SerializedBinary,1045020,15.94577026
H4_R0_1139,19.95727348,16741664,SerializedBinary,1046352,15.96609497
H4_R0_1140,20.96459198,16733696,SerializedBinary,1045854,15.95849609
H4_R0_1141,20.01735497,16774128,SerializedBinary,1048381,15.99705505
H4_R0_1142,19.03983879,16867600,SerializedBinary,1054223,16.0861969
H4_R0_1143,19.99446678,16934160,SerializedBinary,1058383,16.14967346
H4_R0_1144,19.97968483,17078480,SerializedBinary,1067403,16.28730774
H4_R0_1145,20.02760696,17159712,SerializedBinary,1072480,16.36477661
H4_R0_1146,18.95496178,17266608,SerializedBinary,1079161,16.46672058
H4_R0_1147,20.00328827,17324064,SerializedBinary,1082752,16.52151489
H4_R0_1148,19.9806385,17357216,SerializedBinary,1084824,16.5531311
H4_R0_1149,20.02474594,17446944,SerializedBinary,1090432,16.63870239
H4_R0_1150,19.96585655,17426864,SerializedBinary,1089177,16.61955261
H4_R0_1151,19.01909637,17454656,SerializedBinary,1090914,16.64605713
H4_R0_1152,19.9882679,17446816,SerializedBinary,1090424,16.63858032
H4_R0_1153,19.94392204,17432560,SerializedBinary,1089533,16.62498474
H4_R0_1154,20.02331543,17421584,SerializedBinary,1088847,16.61451721
H4_R0_1155,18.96545219,17425488,SerializedBinary,1089091,16.61824036
H4_R0_1156,19.98945999,17445376,SerializedBinary,1090334,16.63720703
H4_R0_1157,20.01401711,17485552,SerializedBinary,1092845,16.67552185
H4_R0_1158,19.48854256,17451248,SerializedBinary,1090701,16.64280701
H4_R0_1159,20.00781822,17398688,SerializedBinary,1087416,16.59268188
H4_R0_1160,18.96950531,17376272,SerializedBinary,1086015,16.57130432
H4_R0_1161,20.00471878,17373088,SerializedBinary,1085816,16.56826782
H4_R0_1162,19.94225311,17376624,SerializedBinary,1086037,16.57164001
H4_R0_1163,21.08070183,17377664,SerializedBinary,1086102,16.57263184
H4_R0_1164,19.99446678,17371984,SerializedBinary,1085747,16.56721497
H4_R0_1165,19.96251869,17375008,SerializedBinary,1085936,16.57009888
H4_R0_1166,22.00910378,17379712,SerializedBinary,1086230,16.57458496
H4_R0_1167,20.0190239,17340160,SerializedBinary,1083758,16.53686523
H4_R0_1168,19.96681023,17352464,SerializedBinary,1084527,16.54859924
H4_R0_1169,19.9947052,17351360,SerializedBinary,1084458,16.54754639
H4_R0_1170,20.01616287,17340960,SerializedBinary,1083808,16.53762817
H4_R0_1171,19.98516846,17349936,SerializedBinary,1084369,16.54618835
H4_R0_1172,20.01926231,17327376,SerializedBinary,1082959,16.52467346
H4_R0_1173,20.50754356,17338160,SerializedBinary,1083633,16.53495789
H4_R0_1174,20.99057961,17356592,SerializedBinary,1084785,16.55253601
H4_R0_1175,20.02069283,17324208,SerializedBinary,1082761,16.52165222
H4_R0_1176,19.95536613,17320992,SerializedBinary,1082560,16.51858521
H4_R0_1177,20.01997757,17335408,SerializedBinary,1083461,16.53233337
H4_R0_1178,20.03070641,17355760,SerializedBinary,1084733,16.55174255
H4_R0_1179,19.95727348,17358592,SerializedBinary,1084910,16.55444336
H4_R0_1180,19.96728706,17429088,SerializedBinary,1089316,16.62167358
H4_R0_1181,19.9651413,17458592,SerializedBinary,1091160,16.64981079
H4_R0_1182,20.00638771,17457936,SerializedBinary,1091119,16.64918518
H4_R0_1183,20.04024315,17484800,SerializedBinary,1092798,16.67480469
H4_R0_1184,19.02672577,17481936,SerializedBinary,1092619,16.67207336
H4_R0_1185,19.99017525,17481648,SerializedBinary,1092601,16.67179871
H4_R0_1186,20.00853348,17457760,SerializedBinary,1091108,16.64901733
H4_R0_1187,20.0280838,17491088,SerializedBinary,1093191,16.68080139
H4_R0_1188,19.98636055,17486736,SerializedBinary,1092919,16.676651
H4_R0_1189,19.99446678,17478400,SerializedBinary,1092398,16.66870117
H4_R0_1190,20.01616287,17472480,SerializedBinary,1092028,16.66305542
H4_R0_1191,20.45819092,17457344,SerializedBinary,1091082,16.64862061
H4_R0_1192,19.98755264,17454544,SerializedBinary,1090907,16.64595032
H4_R0_1193,23.9574604,17463984,SerializedBinary,1091497,16.654953
H4_R0_1194,20.02689171,17452848,SerializedBinary,1090801,16.64433289
H4_R0_1195,20.01687813,17456864,SerializedBinary,1091052,16.64816284
H4_R0_1196,20.00281143,17439936,SerializedBinary,1089994,16.63201904
H4_R0_1197,19.98898315,17432592,SerializedBinary,1089535,16.62501526
H4_R0_1198,20.00424194,17437056,SerializedBinary,1089814,16.62927246
H4_R0_1199,20.25100517,17420656,SerializedBinary,1088789,16.6136322
H4_R0_1200,19.93629265,17432896,SerializedBinary,1089554,16.62530518
H4_R0_1201,19.93390846,17439296,SerializedBinary,1089954,16.63140869
H4_R0_1202,19.96847916,17421440,SerializedBinary,1088838,16.61437988
H4_R0_1203,19.93796158,17421152,SerializedBinary,1088820,16.61410522
H4_R0_1204,20.02140808,17435024,SerializedBinary,1089687,16.62733459
H4_R0_1205,19.99398994,17414480,SerializedBinary,1088403,16.60774231
H4_R0_1206,19.99375153,17418416,SerializedBinary,1088649,16.61149597
H4_R0_1207,20.02355385,17405744,SerializedBinary,1087857,16.59941101
H4_R0_1208,20.02641487,17414960,SerializedBinary,1088433,16.60820007
H4_R0_1209,19.97992325,17414240,SerializedBinary,1088388,16.60751343
H4_R0_1210,18.93922615,17411104,SerializedBinary,1088192,16.60452271
H4_R0_1211,19.96943283,17437536,SerializedBinary,1089844,16.62973022
H4_R0_1212,19.52382851,17434608,SerializedBinary,1089661,16.62693787
H4_R0_1213,19.98969841,17434464,SerializedBinary,1089652,16.62680054
H4_R0_1214,21.02801132,17441472,SerializedBinary,1090090,16.63348389
H4_R0_1215,41.97212982,17438080,SerializedBinary,1089878,16.63024902
H4_R0_1216,39.98085785,17441440,SerializedBinary,1090088,16.63345337
H4_R0_1217,19.96108818,17435280,SerializedBinary,1089703,16.62757874
H4_R0_1218,20.05264091,17440192,SerializedBinary,1090010,16.63226318
H4_R0_1219,19.96943283,17431616,SerializedBinary,1089474,16.62408447
H4_R0_1220,23.98320961,17454640,SerializedBinary,1090913,16.64604187
H4_R0_1221,19.94511414,17436880,SerializedBinary,1089803,16.62910461
H4_R0_1222,20.03714371,17425248,SerializedBinary,1089076,16.61801147
H4_R0_1223,40.9798317,17446080,SerializedBinary,1090378,16.63787842
H4_R0_1224,19.56030655,17441712,SerializedBinary,1090105,16.63371277
H4_R0_1225,21.96380424,17444816,SerializedBinary,1090299,16.63667297
H4_R0_1226,40.98150063,17444800,SerializedBinary,1090298,16.63665771
H4_R0_1227,19.97396278,17457056,SerializedBinary,1091064,16.64834595
H4_R0_1228,41.88510704,17459744,SerializedBinary,1091232,16.65090942
H4_R0_1229,19.9639492,17479440,SerializedBinary,1092463,16.66969299
H4_R0_1230,20.9314518,17517664,SerializedBinary,1094852,16.70614624
H4_R0_1231,39.99873924,17586000,SerializedBinary,1099123,16.77131653
H4_R0_1232,20.99487114,17663616,SerializedBinary,1103974,16.84533691
H4_R0_1233,20.46796608,17618368,SerializedBinary,1101146,16.80218506
H4_R0_1234,41.04730415,17636864,SerializedBinary,1102302,16.81982422
H4_R0_1235,20.04811096,17659312,SerializedBinary,1103705,16.8412323
H4_R0_1236,41.99644852,17661408,SerializedBinary,1103836,16.8432312
H4_R0_1237,39.96536064,17612480,SerializedBinary,1100778,16.79656982
H4_R0_1238,41.9988327,17604256,SerializedBinary,1100264,16.78872681
H4_R0_1239,21.23352814,17595136,SerializedBinary,1099694,16.7800293
H4_R0_1240,20.93216705,17581632,SerializedBinary,1098850,16.76715088
H4_R0_1241,40.90830612,17575344,SerializedBinary,1098457,16.76115417
H4_R0_1242,28.48693657,17548240,SerializedBinary,1096763,16.73530579
H4_R0_1243,19.98016167,17510512,SerializedBinary,1094405,16.69932556
H4_R0_1244,21.00679207,17487264,SerializedBinary,1092952,16.67715454
H4_R0_1245,21.47838402,17476720,SerializedBinary,1092293,16.667099
H4_R0_1246,20.00948715,17464928,SerializedBinary,1091556,16.65585327
H4_R0_1247,20.06384659,17465584,SerializedBinary,1091597,16.65647888
H4_R0_1248,19.96204185,17471168,SerializedBinary,1091946,16.6618042
H4_R0_1249,20.03142166,17444496,SerializedBinary,1090279,16.6363678
H4_R0_1250,19.99685097,17433248,SerializedBinary,1089576,16.62564087
H4_R0_1251,19.99780464,17424448,SerializedBinary,1089026,16.61724854
H4_R0_1252,20.00686455,17420304,SerializedBinary,1088767,16.61329651
H4_R0_1253,20.03595161,17421568,SerializedBinary,1088846,16.61450195
H4_R0_1254,21.02276611,17396800,SerializedBinary,1087298,16.59088135
H4_R0_1255,20.00185776,17433824,SerializedBinary,1089612,16.62619019
H4_R0_1256,40.97148705,17393424,SerializedBinary,1087087,16.58766174
H4_R0_1257,19.99422836,17415712,SerializedBinary,1088480,16.60891724
H4_R0_1258,19.99542046,17359504,SerializedBinary,1084967,16.55531311
H4_R0_1259,20.99010277,17412160,SerializedBinary,1088258,16.60552979
H4_R0_1260,19.49760246,17397776,SerializedBinary,1087359,16.59181213
H4_R0_1261,20.08673477,17403024,SerializedBinary,1087687,16.59681702
H4_R0_1262,20.51326561,17412240,SerializedBinary,1088263,16.60560608
H4_R0_1263,19.99828148,17440176,SerializedBinary,1090009,16.63224792
H4_R0_1264,19.99303627,17417296,SerializedBinary,1088579,16.61042786
H4_R0_1265,19.95274353,17444208,SerializedBinary,1090261,16.63609314
H4_R0_1266,20.95982361,17401744,SerializedBinary,1087607,16.59559631
H4_R0_1267,20.9250145,17432880,SerializedBinary,1089553,16.62528992
H4_R0_1268,20.92525291,17422176,SerializedBinary,1088884,16.61508179
H4_R0_1269,23.91716766,17450704,SerializedBinary,1090667,16.64228821
H4_R0_1270,20.92525291,17437728,SerializedBinary,1089856,16.62991333
H4_R0_1271,19.9510746,17461696,SerializedBinary,1091354,16.652771
H4_R0_1272,20.9250145,17429904,SerializedBinary,1089367,16.62245178
H4_R0_1273,20.92549133,17428096,SerializedBinary,1089254,16.62072754
H4_R0_1274,19.92818642,17435904,SerializedBinary,1089742,16.62817383
H4_R0_1275,19.92818642,17459488,SerializedBinary,1091216,16.65066528
H4_R0_1276,20.92572975,17429920,SerializedBinary,1089368,16.62246704
H4_R0_1277,19.927948,17403392,SerializedBinary,1087710,16.59716797
H4_R0_1278,20.92787552,17492400,SerializedBinary,1093273,16.68205261
H4_R0_1279,19.93223953,17493824,SerializedBinary,1093362,16.68341064
H4_R0_1280,19.92818642,17399088,SerializedBinary,1087441,16.59306335
H4_R0_1281,39.875,17449296,SerializedBinary,1090579,16.64094543
H4_R0_1282,19.93557739,17421632,SerializedBinary,1088850,16.61456299
H4_R0_1283,39.89049721,17465792,SerializedBinary,1091610,16.65667725
H4_R0_1284,39.88739777,17432688,SerializedBinary,1089541,16.62510681
H4_R0_1285,18.94041824,17410160,SerializedBinary,1088133,16.60362244
H4_R0_1286,19.9343853,17414672,SerializedBinary,1088415,16.60792542
H4_R0_1287,39.89049721,17405984,SerializedBinary,1087872,16.59963989
H4_R0_1288,19.9382,17460640,SerializedBinary,1091288,16.65176392
H4_R0_1289,19.85546875,17457360,SerializedBinary,1091083,16.64863586
H4_R0_1290,20.93526649,17503296,SerializedBinary,1093954,16.69244385
H4_R0_1291,20.46129036,17451968,SerializedBinary,1090746,16.64349365
H4_R0_1292,20.93359756,17460384,SerializedBinary,1091272,16.65151978
H4_R0_1293,49.85687065,17419616,SerializedBinary,1088724,16.61264038
H4_R0_1294,19.93223953,17410896,SerializedBinary,1088179,16.60432434
H4_R0_1295,19.9112587,17451200,SerializedBinary,1090698,16.64276123
H4_R0_1296,19.93629265,17421456,SerializedBinary,1088839,16.61439514
H4_R0_1297,19.93343163,17536736,SerializedBinary,1096044,16.72433472
H4_R0_1298,19.93629265,17567392,SerializedBinary,1097960,16.75357056
H4_R0_1299,18.95591545,17526688,SerializedBinary,1095416,16.7147522
H4_R0_1300,20.44102478,17627088,SerializedBinary,1101691,16.8105011
H4_R0_1001,489.3145561,23475756,PLY ASCII (Open3D),1059810,22.38822556
H4_R0_1002,478.7533283,23522508,PLY ASCII (Open3D),1062090,22.43281174
H4_R0_1003,477.8575897,23486726,PLY ASCII (Open3D),1060464,22.39868736
H4_R0_1004,478.3637524,23510051,PLY ASCII (Open3D),1061711,22.42093182
H4_R0_1005,476.8772125,23493456,PLY ASCII (Open3D),1060934,22.40510559
H4_R0_1006,478.8575172,23505165,PLY ASCII (Open3D),1061453,22.41627216
H4_R0_1007,476.8724442,23493054,PLY ASCII (Open3D),1060931,22.40472221
H4_R0_1008,478.3580303,23508233,PLY ASCII (Open3D),1061596,22.41919804
H4_R0_1009,475.8737087,23484804,PLY ASCII (Open3D),1060537,22.3968544
H4_R0_1010,478.8541794,23456101,PLY ASCII (Open3D),1059202,22.36948109
H4_R0_1011,480.866909,23503930,PLY ASCII (Open3D),1061476,22.41509438
H4_R0_1012,481.3642502,23468906,PLY ASCII (Open3D),1059683,22.38169289
H4_R0_1013,481.733799,23492173,PLY ASCII (Open3D),1060955,22.40388203
H4_R0_1014,480.864048,23470354,PLY ASCII (Open3D),1059985,22.38307381
H4_R0_1015,480.3686142,23476836,PLY ASCII (Open3D),1060215,22.38925552
H4_R0_1016,479.8874855,23489969,PLY ASCII (Open3D),1060795,22.40178013
H4_R0_1017,478.867054,23482951,PLY ASCII (Open3D),1060367,22.39508724
H4_R0_1018,480.868578,23497123,PLY ASCII (Open3D),1061128,22.40860271
H4_R0_1019,479.3772697,23499271,PLY ASCII (Open3D),1061146,22.41065121
H4_R0_1020,484.8344326,23495704,PLY ASCII (Open3D),1060912,22.40724945
H4_R0_1021,480.8595181,23488839,PLY ASCII (Open3D),1060674,22.40070248
H4_R0_1022,480.8633327,23515507,PLY ASCII (Open3D),1061904,22.42613506
H4_R0_1023,480.3693295,23504619,PLY ASCII (Open3D),1061428,22.41575146
H4_R0_1024,479.8607826,23495503,PLY ASCII (Open3D),1061018,22.40705776
H4_R0_1025,476.8693447,23525040,PLY ASCII (Open3D),1062432,22.43522644
H4_R0_1026,475.8675098,23495152,PLY ASCII (Open3D),1060885,22.40672302
H4_R0_1027,476.3846397,23485222,PLY ASCII (Open3D),1060443,22.39725304
H4_R0_1028,475.8760929,23497167,PLY ASCII (Open3D),1061006,22.40864468
H4_R0_1029,475.8708477,23481900,PLY ASCII (Open3D),1060388,22.39408493
H4_R0_1030,476.8707752,23484664,PLY ASCII (Open3D),1060462,22.39672089
H4_R0_1031,477.3747921,23493556,PLY ASCII (Open3D),1060940,22.40520096
H4_R0_1032,476.87006,23488023,PLY ASCII (Open3D),1060748,22.39992428
H4_R0_1033,476.8710136,23500272,PLY ASCII (Open3D),1061134,22.41160583
H4_R0_1034,475.8806229,23458913,PLY ASCII (Open3D),1059081,22.37216282
H4_R0_1035,477.4053097,23504639,PLY ASCII (Open3D),1061199,22.41577053
H4_R0_1036,477.8735638,23497984,PLY ASCII (Open3D),1060891,22.40942383
H4_R0_1037,477.8704643,23499503,PLY ASCII (Open3D),1060902,22.41087246
H4_R0_1038,481.9262028,23520772,PLY ASCII (Open3D),1061904,22.43115616
H4_R0_1039,481.3632965,23524798,PLY ASCII (Open3D),1062157,22.43499565
H4_R0_1040,480.5865288,23519706,PLY ASCII (Open3D),1061984,22.43013954
H4_R0_1041,481.3575745,23502671,PLY ASCII (Open3D),1061241,22.4138937
H4_R0_1042,479.8152447,23496331,PLY ASCII (Open3D),1060999,22.4078474
H4_R0_1043,480.8688164,23494799,PLY ASCII (Open3D),1060984,22.40638638
H4_R0_1044,480.3602695,23513746,PLY ASCII (Open3D),1061840,22.42445564
H4_R0_1045,480.0360203,23495321,PLY ASCII (Open3D),1060897,22.40688419
H4_R0_1046,480.8621407,23517655,PLY ASCII (Open3D),1061989,22.42818356
H4_R0_1047,480.8635712,23500318,PLY ASCII (Open3D),1061117,22.4116497
H4_R0_1048,479.8643589,23507246,PLY ASCII (Open3D),1061312,22.41825676
H4_R0_1049,480.2780151,23491267,PLY ASCII (Open3D),1060635,22.403018
H4_R0_1050,477.8795242,23516985,PLY ASCII (Open3D),1061904,22.42754459
H4_R0_1051,475.8651257,23506830,PLY ASCII (Open3D),1061487,22.41786003
H4_R0_1052,477.8652191,23503815,PLY ASCII (Open3D),1061360,22.4149847
H4_R0_1053,477.2033691,23522653,PLY ASCII (Open3D),1062100,22.43295002
H4_R0_1054,477.8411388,23536162,PLY ASCII (Open3D),1062690,22.44583321
H4_R0_1055,476.8993855,23491334,PLY ASCII (Open3D),1060503,22.40308189
H4_R0_1056,476.5007496,23500175,PLY ASCII (Open3D),1060961,22.41151333
H4_R0_1057,476.9871235,23526107,PLY ASCII (Open3D),1062164,22.43624401
H4_R0_1058,476.872921,23505547,PLY ASCII (Open3D),1061308,22.41663647
H4_R0_1059,476.8636227,23505549,PLY ASCII (Open3D),1061290,22.41663837
H4_R0_1060,476.8686295,23499900,PLY ASCII (Open3D),1060943,22.41125107
H4_R0_1061,476.8750668,23513259,PLY ASCII (Open3D),1061577,22.4239912
H4_R0_1062,477.3778915,23481444,PLY ASCII (Open3D),1060085,22.39365005
H4_R0_1063,478.8682461,23491880,PLY ASCII (Open3D),1060570,22.4036026
H4_R0_1064,479.8557758,23479191,PLY ASCII (Open3D),1060122,22.39150143
H4_R0_1065,479.3634415,23477085,PLY ASCII (Open3D),1059993,22.38949299
H4_R0_1066,480.6001186,23491215,PLY ASCII (Open3D),1060630,22.40296841
H4_R0_1067,481.418848,23493535,PLY ASCII (Open3D),1060742,22.40518093
H4_R0_1068,486.7045879,23494395,PLY ASCII (Open3D),1060728,22.40600109
H4_R0_1069,485.9337807,23486658,PLY ASCII (Open3D),1060488,22.39862251
H4_R0_1070,481.6188812,23490934,PLY ASCII (Open3D),1060594,22.40270042
H4_R0_1071,480.3624153,23492636,PLY ASCII (Open3D),1060735,22.40432358
H4_R0_1072,482.1817875,23505209,PLY ASCII (Open3D),1061225,22.41631413
H4_R0_1073,480.8533192,23515828,PLY ASCII (Open3D),1061767,22.42644119
H4_R0_1074,482.1350574,23513083,PLY ASCII (Open3D),1061664,22.42382336
H4_R0_1075,477.8678417,23505830,PLY ASCII (Open3D),1061197,22.41690636
H4_R0_1076,477.8702259,23512857,PLY ASCII (Open3D),1061601,22.42360783
H4_R0_1077,476.3875008,23507044,PLY ASCII (Open3D),1061378,22.41806412
H4_R0_1078,476.8745899,23503864,PLY ASCII (Open3D),1061290,22.41503143
H4_R0_1079,480.8590412,23512346,PLY ASCII (Open3D),1061602,22.4231205
H4_R0_1080,479.101181,23537848,PLY ASCII (Open3D),1062913,22.4474411
H4_R0_1081,479.7766209,23522866,PLY ASCII (Open3D),1062162,22.43315315
H4_R0_1082,477.3733616,23528621,PLY ASCII (Open3D),1062469,22.43864155
H4_R0_1083,477.8723717,23537103,PLY ASCII (Open3D),1062879,22.44673061
H4_R0_1084,476.911068,23519269,PLY ASCII (Open3D),1062053,22.42972279
H4_R0_1085,477.8676033,23542394,PLY ASCII (Open3D),1063055,22.4517765
H4_R0_1086,478.8684845,23550228,PLY ASCII (Open3D),1063357,22.45924759
H4_R0_1087,483.3679199,23557706,PLY ASCII (Open3D),1063689,22.46637917
H4_R0_1088,488.8522625,23547038,PLY ASCII (Open3D),1063154,22.45620537
H4_R0_1089,484.8511219,23552522,PLY ASCII (Open3D),1063332,22.46143532
H4_R0_1090,484.3556881,23574427,PLY ASCII (Open3D),1064290,22.48232555
H4_R0_1091,481.8656445,23551983,PLY ASCII (Open3D),1063260,22.46092129
H4_R0_1092,481.8563461,23576262,PLY ASCII (Open3D),1064378,22.48407555
H4_R0_1093,482.8515053,23597161,PLY ASCII (Open3D),1065454,22.50400639
H4_R0_1094,482.3606014,23610059,PLY ASCII (Open3D),1066008,22.51630688
H4_R0_1095,483.2489491,23655588,PLY ASCII (Open3D),1068080,22.55972672
H4_R0_1096,481.3501835,23562135,PLY ASCII (Open3D),1063526,22.47060299
H4_R0_1097,481.8990231,23516559,PLY ASCII (Open3D),1061186,22.42713833
H4_R0_1098,480.8588028,23518157,PLY ASCII (Open3D),1061246,22.4286623
H4_R0_1099,481.8162918,23515654,PLY ASCII (Open3D),1061080,22.42627525
H4_R0_1100,477.3778915,23520353,PLY ASCII (Open3D),1061196,22.43075657
H4_R0_1101,478.6317348,23598204,PLY ASCII (Open3D),1064553,22.50500107
H4_R0_1102,479.3701172,23659681,PLY ASCII (Open3D),1067142,22.5636301
H4_R0_1103,480.8590412,23700496,PLY ASCII (Open3D),1068891,22.60255432
H4_R0_1104,480.8673859,23758023,PLY ASCII (Open3D),1071319,22.65741634
H4_R0_1105,480.8995724,23730746,PLY ASCII (Open3D),1070022,22.63140297
H4_R0_1106,481.3666344,23784190,PLY ASCII (Open3D),1072503,22.68237114
H4_R0_1107,481.6000462,23800138,PLY ASCII (Open3D),1073360,22.69758034
H4_R0_1108,482.3644161,23843939,PLY ASCII (Open3D),1075430,22.73935223
H4_R0_1109,482.7079773,23819016,PLY ASCII (Open3D),1074296,22.7155838
H4_R0_1110,482.8686714,23789776,PLY ASCII (Open3D),1072893,22.68769836
H4_R0_1111,480.3993702,23708751,PLY ASCII (Open3D),1069244,22.6104269
H4_R0_1112,481.8582535,23560986,PLY ASCII (Open3D),1062352,22.46950722
H4_R0_1113,476.7022133,23414277,PLY ASCII (Open3D),1055376,22.32959461
H4_R0_1114,475.3799438,23316641,PLY ASCII (Open3D),1050842,22.23648167
H4_R0_1115,474.0030766,23294490,PLY ASCII (Open3D),1049714,22.21535683
H4_R0_1116,474.8733044,23274594,PLY ASCII (Open3D),1048816,22.19638252
H4_R0_1117,473.7687111,23219039,PLY ASCII (Open3D),1046094,22.14340115
H4_R0_1118,474.3783474,23239488,PLY ASCII (Open3D),1047083,22.16290283
H4_R0_1119,472.8779793,23219832,PLY ASCII (Open3D),1045991,22.14415741
H4_R0_1120,475.0418663,23215744,PLY ASCII (Open3D),1045836,22.14025879
H4_R0_1121,467.8792953,23231140,PLY ASCII (Open3D),1046456,22.15494156
H4_R0_1122,468.8768387,23201338,PLY ASCII (Open3D),1044985,22.12652016
H4_R0_1123,468.4009552,23201623,PLY ASCII (Open3D),1044952,22.12679195
H4_R0_1124,470.8800316,23232902,PLY ASCII (Open3D),1046310,22.15662193
H4_R0_1125,468.888998,23210394,PLY ASCII (Open3D),1045413,22.13515663
H4_R0_1126,467.9086208,23201066,PLY ASCII (Open3D),1044903,22.12626076
H4_R0_1127,467.8938389,23190208,PLY ASCII (Open3D),1044513,22.11590576
H4_R0_1128,467.9539204,23212839,PLY ASCII (Open3D),1045670,22.13748837
H4_R0_1129,468.3921337,23210448,PLY ASCII (Open3D),1045704,22.13520813
H4_R0_1130,468.9135551,23221780,PLY ASCII (Open3D),1046135,22.14601517
H4_R0_1131,469.8958397,23221550,PLY ASCII (Open3D),1046123,22.14579582
H4_R0_1132,467.8311348,23234768,PLY ASCII (Open3D),1046694,22.15840149
H4_R0_1133,469.8736668,23249328,PLY ASCII (Open3D),1047290,22.17228699
H4_R0_1134,468.4016705,23235880,PLY ASCII (Open3D),1046678,22.15946198
H4_R0_1135,469.8858261,23244035,PLY ASCII (Open3D),1047034,22.16723919
H4_R0_1136,468.7452316,23232040,PLY ASCII (Open3D),1046209,22.15579987
H4_R0_1137,467.3910141,23236883,PLY ASCII (Open3D),1046348,22.16041851
H4_R0_1138,467.8945541,23208136,PLY ASCII (Open3D),1045020,22.13300323
H4_R0_1139,468.8973427,23234329,PLY ASCII (Open3D),1046352,22.15798283
H4_R0_1140,467.902422,23226301,PLY ASCII (Open3D),1045854,22.15032673
H4_R0_1141,470.0825214,23276632,PLY ASCII (Open3D),1048381,22.19832611
H4_R0_1142,469.8894024,23405610,PLY ASCII (Open3D),1054223,22.32132912
H4_R0_1143,474.0059376,23495785,PLY ASCII (Open3D),1058383,22.4073267
H4_R0_1144,477.3766994,23687124,PLY ASCII (Open3D),1067403,22.58980179
H4_R0_1145,481.500864,23796969,PLY ASCII (Open3D),1072480,22.69455814
H4_R0_1146,485.03232,23947885,PLY ASCII (Open3D),1079161,22.83848286
H4_R0_1147,484.3072891,24030570,PLY ASCII (Open3D),1082752,22.91733742
H4_R0_1148,485.853672,24090693,PLY ASCII (Open3D),1084824,22.97467518
H4_R0_1149,488.2781506,24228005,PLY ASCII (Open3D),1090432,23.10562611
H4_R0_1150,487.8530502,24220630,PLY ASCII (Open3D),1089177,23.09859276
H4_R0_1151,488.8448715,24281741,PLY ASCII (Open3D),1090914,23.15687275
H4_R0_1152,488.8460636,24290334,PLY ASCII (Open3D),1090424,23.16506767
H4_R0_1153,488.0428314,24280922,PLY ASCII (Open3D),1089533,23.15609169
H4_R0_1154,487.3542786,24270587,PLY ASCII (Open3D),1088847,23.14623547
H4_R0_1155,487.8377914,24274354,PLY ASCII (Open3D),1089091,23.14982796
H4_R0_1156,488.8453484,24296878,PLY ASCII (Open3D),1090334,23.17130852
H4_R0_1157,489.0608788,24347709,PLY ASCII (Open3D),1092845,23.21978474
H4_R0_1158,487.8480434,24298157,PLY ASCII (Open3D),1090701,23.17252827
H4_R0_1159,486.3445759,24225218,PLY ASCII (Open3D),1087416,23.10296822
H4_R0_1160,487.9922867,24194438,PLY ASCII (Open3D),1086015,23.07361412
H4_R0_1161,486.6919518,24189550,PLY ASCII (Open3D),1085816,23.06895256
H4_R0_1162,486.3507748,24196772,PLY ASCII (Open3D),1086037,23.07584
H4_R0_1163,485.8524799,24196717,PLY ASCII (Open3D),1086102,23.07578754
H4_R0_1164,485.8517647,24192330,PLY ASCII (Open3D),1085747,23.07160378
H4_R0_1165,485.8498573,24192902,PLY ASCII (Open3D),1085936,23.07214928
H4_R0_1166,486.8540764,24200234,PLY ASCII (Open3D),1086230,23.07914162
H4_R0_1167,484.8377705,24145259,PLY ASCII (Open3D),1083758,23.02671337
H4_R0_1168,485.8527184,24162427,PLY ASCII (Open3D),1084527,23.04308605
H4_R0_1169,485.3692055,24155156,PLY ASCII (Open3D),1084458,23.03615189
H4_R0_1170,484.8530293,24138995,PLY ASCII (Open3D),1083808,23.02073956
H4_R0_1171,484.8549366,24145740,PLY ASCII (Open3D),1084369,23.02717209
H4_R0_1172,485.8515263,24108958,PLY ASCII (Open3D),1082959,22.99209404
H4_R0_1173,484.3742847,24116691,PLY ASCII (Open3D),1083633,22.9994688
H4_R0_1174,484.8527908,24129857,PLY ASCII (Open3D),1084785,23.01202488
H4_R0_1175,484.8599434,24077346,PLY ASCII (Open3D),1082761,22.96194649
H4_R0_1176,484.8632813,24071730,PLY ASCII (Open3D),1082560,22.95659065
H4_R0_1177,484.3652248,24092562,PLY ASCII (Open3D),1083461,22.9764576
H4_R0_1178,485.84795,24120693,PLY ASCII (Open3D),1084733,23.00328541
H4_R0_1179,484.8525524,24127194,PLY ASCII (Open3D),1084910,23.00948524
H4_R0_1180,488.319397,24213524,PLY ASCII (Open3D),1089316,23.09181595
H4_R0_1181,487.8456593,24256221,PLY ASCII (Open3D),1091160,23.13253498
H4_R0_1182,487.8425598,24244562,PLY ASCII (Open3D),1091119,23.12141609
H4_R0_1183,488.3396626,24276322,PLY ASCII (Open3D),1092798,23.15170479
H4_R0_1184,489.839077,24266507,PLY ASCII (Open3D),1092619,23.14234447
H4_R0_1185,488.8403416,24262784,PLY ASCII (Open3D),1092601,23.13879395
H4_R0_1186,488.3282185,24228207,PLY ASCII (Open3D),1091108,23.10581875
H4_R0_1187,488.8460636,24273716,PLY ASCII (Open3D),1093191,23.14921951
H4_R0_1188,489.8326397,24267835,PLY ASCII (Open3D),1092919,23.14361095
H4_R0_1189,488.8389111,24253228,PLY ASCII (Open3D),1092398,23.12968063
H4_R0_1190,489.3119335,24245365,PLY ASCII (Open3D),1092028,23.12218189
H4_R0_1191,487.8473282,24222369,PLY ASCII (Open3D),1091082,23.1002512
H4_R0_1192,487.8470898,24216642,PLY ASCII (Open3D),1090907,23.09478951
H4_R0_1193,488.3546829,24228333,PLY ASCII (Open3D),1091497,23.10593891
H4_R0_1194,492.8326607,24209558,PLY ASCII (Open3D),1090801,23.08803368
H4_R0_1195,487.8396988,24215181,PLY ASCII (Open3D),1091052,23.09339619
H4_R0_1196,488.3482456,24190826,PLY ASCII (Open3D),1089994,23.07016945
H4_R0_1197,487.8439903,24180376,PLY ASCII (Open3D),1089535,23.06020355
H4_R0_1198,486.841917,24185238,PLY ASCII (Open3D),1089814,23.06484032
H4_R0_1199,487.3576164,24160865,PLY ASCII (Open3D),1088789,23.04159641
H4_R0_1200,486.8454933,24177615,PLY ASCII (Open3D),1089554,23.05757046
H4_R0_1201,486.8519306,24187844,PLY ASCII (Open3D),1089954,23.06732559
H4_R0_1202,486.846447,24161855,PLY ASCII (Open3D),1088838,23.04254055
H4_R0_1203,487.3540401,24162643,PLY ASCII (Open3D),1088820,23.04329205
H4_R0_1204,487.8530502,24180512,PLY ASCII (Open3D),1089687,23.06033325
H4_R0_1205,486.8502617,24152266,PLY ASCII (Open3D),1088403,23.03339577
H4_R0_1206,487.3557091,24157622,PLY ASCII (Open3D),1088649,23.03850365
H4_R0_1207,488.8458252,24140705,PLY ASCII (Open3D),1087857,23.02237034
H4_R0_1208,487.8575802,24153419,PLY ASCII (Open3D),1088433,23.03449535
H4_R0_1209,488.8429642,24153507,PLY ASCII (Open3D),1088388,23.03457928
H4_R0_1210,487.2996807,24147284,PLY ASCII (Open3D),1088192,23.02864456
H4_R0_1211,487.8556728,24183048,PLY ASCII (Open3D),1089844,23.06275177
H4_R0_1212,487.850666,24179139,PLY ASCII (Open3D),1089661,23.05902386
H4_R0_1213,488.1145954,24179637,PLY ASCII (Open3D),1089652,23.05949879
H4_R0_1214,488.2357121,24189234,PLY ASCII (Open3D),1090090,23.0686512
H4_R0_1215,487.8466129,24186599,PLY ASCII (Open3D),1089878,23.06613827
H4_R0_1216,487.8416061,24190125,PLY ASCII (Open3D),1090088,23.06950092
H4_R0_1217,487.3535633,24183158,PLY ASCII (Open3D),1089703,23.06285667
H4_R0_1218,487.8425598,24190333,PLY ASCII (Open3D),1090010,23.06969929
H4_R0_1219,487.8487587,24178432,PLY ASCII (Open3D),1089474,23.05834961
H4_R0_1220,490.8423424,24208853,PLY ASCII (Open3D),1090913,23.08736134
H4_R0_1221,488.2097244,24183821,PLY ASCII (Open3D),1089803,23.06348896
H4_R0_1222,488.1973267,24168194,PLY ASCII (Open3D),1089076,23.04858589
H4_R0_1223,489.8228645,24194756,PLY ASCII (Open3D),1090378,23.07391739
H4_R0_1224,487.8549576,24189468,PLY ASCII (Open3D),1090105,23.06887436
H4_R0_1225,488.3589745,24194097,PLY ASCII (Open3D),1090299,23.07328892
H4_R0_1226,487.8439903,24191789,PLY ASCII (Open3D),1090298,23.07108784
H4_R0_1227,488.7242317,24209344,PLY ASCII (Open3D),1091064,23.08782959
H4_R0_1228,488.353014,24213930,PLY ASCII (Open3D),1091232,23.09220314
H4_R0_1229,488.6500835,24242255,PLY ASCII (Open3D),1092463,23.11921597
H4_R0_1230,491.3225174,24293270,PLY ASCII (Open3D),1094852,23.16786766
H4_R0_1231,492.8379059,24388898,PLY ASCII (Open3D),1099123,23.25906563
H4_R0_1232,497.8206158,24490293,PLY ASCII (Open3D),1103974,23.35576344
H4_R0_1233,493.3393002,24421171,PLY ASCII (Open3D),1101146,23.28984356
H4_R0_1234,493.8290119,24432986,PLY ASCII (Open3D),1102302,23.30111122
H4_R0_1235,494.8298931,24453803,PLY ASCII (Open3D),1103705,23.32096386
H4_R0_1236,493.3459759,24452486,PLY ASCII (Open3D),1103836,23.31970787
H4_R0_1237,492.8300381,24387369,PLY ASCII (Open3D),1100778,23.25760746
H4_R0_1238,491.8456078,24384671,PLY ASCII (Open3D),1100264,23.25503445
H4_R0_1239,492.34128,24378464,PLY ASCII (Open3D),1099694,23.24911499
H4_R0_1240,492.839098,24356969,PLY ASCII (Open3D),1098850,23.22861576
H4_R0_1241,493.8311577,24342496,PLY ASCII (Open3D),1098457,23.21481323
H4_R0_1242,491.1284447,24300165,PLY ASCII (Open3D),1096763,23.17444324
H4_R0_1243,490.8440113,24244405,PLY ASCII (Open3D),1094405,23.12126637
H4_R0_1244,494.3418503,24206621,PLY ASCII (Open3D),1092952,23.08523273
H4_R0_1245,494.822979,24185752,PLY ASCII (Open3D),1092293,23.06533051
H4_R0_1246,492.8138256,24159551,PLY ASCII (Open3D),1091556,23.04034328
H4_R0_1247,495.3358173,24150242,PLY ASCII (Open3D),1091597,23.03146553
H4_R0_1248,490.8406734,24150032,PLY ASCII (Open3D),1091946,23.03126526
H4_R0_1249,493.5278893,24108488,PLY ASCII (Open3D),1090279,22.99164581
H4_R0_1250,488.3375168,24088336,PLY ASCII (Open3D),1089576,22.97242737
H4_R0_1251,488.3477688,24071580,PLY ASCII (Open3D),1089026,22.9564476
H4_R0_1252,487.8406525,24063930,PLY ASCII (Open3D),1088767,22.94915199
H4_R0_1253,487.8435135,24061728,PLY ASCII (Open3D),1088846,22.947052
H4_R0_1254,487.3487949,24030444,PLY ASCII (Open3D),1087298,22.91721725
H4_R0_1255,490.8344746,24077992,PLY ASCII (Open3D),1089612,22.96256256
H4_R0_1256,486.846447,24022670,PLY ASCII (Open3D),1087087,22.90980339
H4_R0_1257,487.8361225,24050072,PLY ASCII (Open3D),1088480,22.93593597
H4_R0_1258,485.8572483,23975365,PLY ASCII (Open3D),1084967,22.86468983
H4_R0_1259,487.5683784,24047190,PLY ASCII (Open3D),1088258,22.93318748
H4_R0_1260,491.3239479,24028736,PLY ASCII (Open3D),1087359,22.91558838
H4_R0_1261,490.8332825,24036009,PLY ASCII (Open3D),1087687,22.92252445
H4_R0_1262,491.3356304,24044624,PLY ASCII (Open3D),1088263,22.93074036
H4_R0_1263,491.5726185,24084272,PLY ASCII (Open3D),1090009,22.96855164
H4_R0_1264,490.3211594,24053802,PLY ASCII (Open3D),1088579,22.93949318
H4_R0_1265,492.7155972,24088626,PLY ASCII (Open3D),1090261,22.97270393
H4_R0_1266,491.3444519,24032810,PLY ASCII (Open3D),1087607,22.91947365
H4_R0_1267,492.8357601,24074564,PLY ASCII (Open3D),1089553,22.95929337
H4_R0_1268,494.8277473,24061131,PLY ASCII (Open3D),1088884,22.94648266
H4_R0_1269,495.3289032,24103304,PLY ASCII (Open3D),1090667,22.98670197
H4_R0_1270,492.8395748,24086644,PLY ASCII (Open3D),1089856,22.97081375
H4_R0_1271,494.1461086,24118586,PLY ASCII (Open3D),1091354,23.00127602
H4_R0_1272,488.8234138,24079638,PLY ASCII (Open3D),1089367,22.96413231
H4_R0_1273,488.84058,24076188,PLY ASCII (Open3D),1089254,22.96084213
H4_R0_1274,489.3565178,24087229,PLY ASCII (Open3D),1089742,22.97137165
H4_R0_1275,489.8428917,24118137,PLY ASCII (Open3D),1091216,23.00084782
H4_R0_1276,490.8401966,24078605,PLY ASCII (Open3D),1089368,22.96314716
H4_R0_1277,488.8427258,24044631,PLY ASCII (Open3D),1087710,22.93074703
H4_R0_1278,490.5800819,24160541,PLY ASCII (Open3D),1093273,23.04128742
H4_R0_1279,491.3458824,24163689,PLY ASCII (Open3D),1093362,23.04428959
H4_R0_1280,489.8395538,24037373,PLY ASCII (Open3D),1087441,22.92382526
H4_R0_1281,489.8488522,24101802,PLY ASCII (Open3D),1090579,22.98526955
H4_R0_1282,489.8431301,24067528,PLY ASCII (Open3D),1088850,22.95258331
H4_R0_1283,490.3457165,24125277,PLY ASCII (Open3D),1091610,23.00765705
H4_R0_1284,492.827177,24080029,PLY ASCII (Open3D),1089541,22.9645052
H4_R0_1285,491.8396473,24048541,PLY ASCII (Open3D),1088133,22.9344759
H4_R0_1286,492.3396111,24054469,PLY ASCII (Open3D),1088415,22.94012928
H4_R0_1287,492.8314686,24044219,PLY ASCII (Open3D),1087872,22.93035412
H4_R0_1288,493.8254356,24113813,PLY ASCII (Open3D),1091288,22.99672413
H4_R0_1289,493.3493137,24108851,PLY ASCII (Open3D),1091083,22.991992
H4_R0_1290,494.8296547,24169111,PLY ASCII (Open3D),1093954,23.04946041
H4_R0_1291,492.8183556,24099268,PLY ASCII (Open3D),1090746,22.98285294
H4_R0_1292,493.3402538,24112499,PLY ASCII (Open3D),1091272,22.995471
H4_R0_1293,493.8309193,24058222,PLY ASCII (Open3D),1088724,22.94370842
H4_R0_1294,492.0477867,24048483,PLY ASCII (Open3D),1088179,22.93442059
H4_R0_1295,493.8297272,24097985,PLY ASCII (Open3D),1090698,22.98162937
H4_R0_1296,489.2916679,24055992,PLY ASCII (Open3D),1088839,22.94158173
H4_R0_1297,491.8341637,24205096,PLY ASCII (Open3D),1096044,23.08377838
H4_R0_1298,494.0271378,24242482,PLY ASCII (Open3D),1097960,23.11943245
H4_R0_1299,492.8307533,24198026,PLY ASCII (Open3D),1095416,23.0770359
H4_R0_1300,496.3195324,24336453,PLY ASCII (Open3D),1101691,23.20905018
H4_R0_1001,156.6135883,15897449,PLY Binary (Open3D),1059810,15.16098881
H4_R0_1002,148.1342316,15931649,PLY Binary (Open3D),1062090,15.19360447
H4_R0_1003,149.1496563,15907259,PLY Binary (Open3D),1060464,15.17034435
H4_R0_1004,148.6480236,15925964,PLY Binary (Open3D),1061711,15.18818283
H4_R0_1005,148.1451988,15914309,PLY Binary (Open3D),1060934,15.17706776
H4_R0_1006,148.1473446,15922094,PLY Binary (Open3D),1061453,15.18449211
H4_R0_1007,151.1375904,15914264,PLY Binary (Open3D),1060931,15.17702484
H4_R0_1008,147.2196579,15924239,PLY Binary (Open3D),1061596,15.18653774
H4_R0_1009,146.6546059,15908354,PLY Binary (Open3D),1060537,15.17138863
H4_R0_1010,147.6461887,15888329,PLY Binary (Open3D),1059202,15.1522913
H4_R0_1011,146.1553574,15922439,PLY Binary (Open3D),1061476,15.18482113
H4_R0_1012,151.1394978,15895544,PLY Binary (Open3D),1059683,15.15917206
H4_R0_1013,146.1582184,15914624,PLY Binary (Open3D),1060955,15.17736816
H4_R0_1014,148.0031013,15900074,PLY Binary (Open3D),1059985,15.1634922
H4_R0_1015,146.6345787,15903524,PLY Binary (Open3D),1060215,15.16678238
H4_R0_1016,147.2890377,15912224,PLY Binary (Open3D),1060795,15.17507935
H4_R0_1017,146.5799809,15905804,PLY Binary (Open3D),1060367,15.16895676
H4_R0_1018,148.1440067,15917219,PLY Binary (Open3D),1061128,15.17984295
H4_R0_1019,147.1567154,15917489,PLY Binary (Open3D),1061146,15.18010044
H4_R0_1020,147.1488476,15913979,PLY Binary (Open3D),1060912,15.17675304
H4_R0_1021,146.6553211,15910409,PLY Binary (Open3D),1060674,15.17334843
H4_R0_1022,148.1454372,15928859,PLY Binary (Open3D),1061904,15.19094372
H4_R0_1023,147.1545696,15921719,PLY Binary (Open3D),1061428,15.18413448
H4_R0_1024,147.6461887,15915569,PLY Binary (Open3D),1061018,15.17826939
H4_R0_1025,146.1615562,15936779,PLY Binary (Open3D),1062432,15.19849682
H4_R0_1026,148.1466293,15913574,PLY Binary (Open3D),1060885,15.17636681
H4_R0_1027,147.1538544,15906944,PLY Binary (Open3D),1060443,15.17004395
H4_R0_1028,147.6452351,15915389,PLY Binary (Open3D),1061006,15.17809772
H4_R0_1029,146.156311,15906119,PLY Binary (Open3D),1060388,15.16925716
H4_R0_1030,146.1570263,15907229,PLY Binary (Open3D),1060462,15.17031574
H4_R0_1031,146.6515064,15914399,PLY Binary (Open3D),1060940,15.17715359
H4_R0_1032,150.1452923,15911519,PLY Binary (Open3D),1060748,15.17440701
H4_R0_1033,147.1507549,15917309,PLY Binary (Open3D),1061134,15.17992878
H4_R0_1034,148.1440067,15886514,PLY Binary (Open3D),1059081,15.15056038
H4_R0_1035,146.6488838,15918284,PLY Binary (Open3D),1061199,15.18085861
H4_R0_1036,148.1497288,15913664,PLY Binary (Open3D),1060891,15.17645264
H4_R0_1037,148.1499672,15913829,PLY Binary (Open3D),1060902,15.17660999
H4_R0_1038,146.6538906,15928859,PLY Binary (Open3D),1061904,15.19094372
H4_R0_1039,150.147438,15932654,PLY Binary (Open3D),1062157,15.19456291
H4_R0_1040,147.1567154,15930059,PLY Binary (Open3D),1061984,15.19208813
H4_R0_1041,149.1422653,15918914,PLY Binary (Open3D),1061241,15.18145943
H4_R0_1042,147.6504803,15915284,PLY Binary (Open3D),1060999,15.17799759
H4_R0_1043,149.1446495,15915059,PLY Binary (Open3D),1060984,15.17778301
H4_R0_1044,148.1552124,15927899,PLY Binary (Open3D),1061840,15.19002819
H4_R0_1045,149.554491,15913754,PLY Binary (Open3D),1060897,15.17653847
H4_R0_1046,149.1582394,15930134,PLY Binary (Open3D),1061989,15.19215965
H4_R0_1047,149.8205662,15917054,PLY Binary (Open3D),1061117,15.17968559
H4_R0_1048,148.6468315,15919979,PLY Binary (Open3D),1061312,15.18247509
H4_R0_1049,149.6417522,15909824,PLY Binary (Open3D),1060635,15.17279053
H4_R0_1050,149.1515636,15928859,PLY Binary (Open3D),1061904,15.19094372
H4_R0_1051,148.3209133,15922604,PLY Binary (Open3D),1061487,15.18497849
H4_R0_1052,149.6477127,15920699,PLY Binary (Open3D),1061360,15.18316174
H4_R0_1053,147.6519108,15931799,PLY Binary (Open3D),1062100,15.19374752
H4_R0_1054,148.8640308,15940649,PLY Binary (Open3D),1062690,15.20218754
H4_R0_1055,148.6496925,15907844,PLY Binary (Open3D),1060503,15.17090225
H4_R0_1056,149.6407986,15914714,PLY Binary (Open3D),1060961,15.17745399
H4_R0_1057,150.1481533,15932759,PLY Binary (Open3D),1062164,15.19466305
H4_R0_1058,150.1467228,15919919,PLY Binary (Open3D),1061308,15.18241787
H4_R0_1059,151.6354084,15919649,PLY Binary (Open3D),1061290,15.18216038
H4_R0_1060,149.1429806,15914444,PLY Binary (Open3D),1060943,15.1771965
H4_R0_1061,149.1508484,15923954,PLY Binary (Open3D),1061577,15.18626595
H4_R0_1062,149.0154266,15901574,PLY Binary (Open3D),1060085,15.16492271
H4_R0_1063,147.6383209,15908849,PLY Binary (Open3D),1060570,15.17186069
H4_R0_1064,148.1492519,15902129,PLY Binary (Open3D),1060122,15.165452
H4_R0_1065,147.1524239,15900194,PLY Binary (Open3D),1059993,15.16360664
H4_R0_1066,149.1479874,15909749,PLY Binary (Open3D),1060630,15.172719
H4_R0_1067,148.3328342,15911429,PLY Binary (Open3D),1060742,15.17432117
H4_R0_1068,148.6430168,15911219,PLY Binary (Open3D),1060728,15.1741209
H4_R0_1069,147.6516724,15907619,PLY Binary (Open3D),1060488,15.17068768
H4_R0_1070,148.2582092,15909209,PLY Binary (Open3D),1060594,15.17220402
H4_R0_1071,148.6461163,15911324,PLY Binary (Open3D),1060735,15.17422104
H4_R0_1072,148.6539841,15918674,PLY Binary (Open3D),1061225,15.18123055
H4_R0_1073,148.1511593,15926804,PLY Binary (Open3D),1061767,15.18898392
H4_R0_1074,148.1559277,15925259,PLY Binary (Open3D),1061664,15.18751049
H4_R0_1075,148.6368179,15918254,PLY Binary (Open3D),1061197,15.18083
H4_R0_1076,147.1586227,15924314,PLY Binary (Open3D),1061601,15.18660927
H4_R0_1077,149.1448879,15920969,PLY Binary (Open3D),1061378,15.18341923
H4_R0_1078,147.6502419,15919649,PLY Binary (Open3D),1061290,15.18216038
H4_R0_1079,149.1451263,15924329,PLY Binary (Open3D),1061602,15.18662357
H4_R0_1080,147.1576691,15943994,PLY Binary (Open3D),1062913,15.20537758
H4_R0_1081,148.1502056,15932729,PLY Binary (Open3D),1062162,15.19463444
H4_R0_1082,145.6508636,15937334,PLY Binary (Open3D),1062469,15.19902611
H4_R0_1083,147.1517086,15943484,PLY Binary (Open3D),1062879,15.2048912
H4_R0_1084,147.1571922,15931094,PLY Binary (Open3D),1062053,15.19307518
H4_R0_1085,152.6286602,15946124,PLY Binary (Open3D),1063055,15.20740891
H4_R0_1086,146.2283134,15950654,PLY Binary (Open3D),1063357,15.21172905
H4_R0_1087,149.1456032,15955634,PLY Binary (Open3D),1063689,15.21647835
H4_R0_1088,148.6401558,15947609,PLY Binary (Open3D),1063154,15.20882511
H4_R0_1089,148.1430531,15950279,PLY Binary (Open3D),1063332,15.21137142
H4_R0_1090,148.1425762,15964649,PLY Binary (Open3D),1064290,15.22507572
H4_R0_1091,148.1440067,15949199,PLY Binary (Open3D),1063260,15.21034145
H4_R0_1092,147.6364136,15965969,PLY Binary (Open3D),1064378,15.22633457
H4_R0_1093,146.1567879,15982109,PLY Binary (Open3D),1065454,15.24172688
H4_R0_1094,148.1497288,15990419,PLY Binary (Open3D),1066008,15.24965191
H4_R0_1095,147.6438046,16021499,PLY Binary (Open3D),1068080,15.27929211
H4_R0_1096,148.1497288,15953189,PLY Binary (Open3D),1063526,15.21414661
H4_R0_1097,146.1532116,15918089,PLY Binary (Open3D),1061186,15.18067265
H4_R0_1098,147.6409435,15918989,PLY Binary (Open3D),1061246,15.18153095
H4_R0_1099,147.1509933,15916499,PLY Binary (Open3D),1061080,15.1791563
H4_R0_1100,147.8252411,15918239,PLY Binary (Open3D),1061196,15.1808157
H4_R0_1101,146.6498375,15968594,PLY Binary (Open3D),1064553,15.22883797
H4_R0_1102,147.9687691,16007429,PLY Binary (Open3D),1067142,15.26587391
H4_R0_1103,148.1354237,16033664,PLY Binary (Open3D),1068891,15.29089355
H4_R0_1104,149.0342617,16070084,PLY Binary (Open3D),1071319,15.32562637
H4_R0_1105,151.6208649,16050629,PLY Binary (Open3D),1070022,15.30707264
H4_R0_1106,148.6384869,16087844,PLY Binary (Open3D),1072503,15.34256363
H4_R0_1107,149.8305798,16100699,PLY Binary (Open3D),1073360,15.35482311
H4_R0_1108,148.2048035,16131749,PLY Binary (Open3D),1075430,15.3844347
H4_R0_1109,148.6392021,16114739,PLY Binary (Open3D),1074296,15.3682127
H4_R0_1110,149.1975784,16093694,PLY Binary (Open3D),1072893,15.34814262
H4_R0_1111,147.8898525,16038959,PLY Binary (Open3D),1069244,15.29594326
H4_R0_1112,146.6240883,15935579,PLY Binary (Open3D),1062352,15.19735241
H4_R0_1113,145.9112167,15830939,PLY Binary (Open3D),1055376,15.09755993
H4_R0_1114,146.1508274,15762929,PLY Binary (Open3D),1050842,15.03270054
H4_R0_1115,144.6609497,15746009,PLY Binary (Open3D),1049714,15.01656437
H4_R0_1116,146.1598873,15732539,PLY Binary (Open3D),1048816,15.00371838
H4_R0_1117,144.1597939,15691709,PLY Binary (Open3D),1046094,14.96477985
H4_R0_1118,145.6441879,15706544,PLY Binary (Open3D),1047083,14.97892761
H4_R0_1119,144.1547871,15690164,PLY Binary (Open3D),1045991,14.96330643
H4_R0_1120,145.8678246,15687839,PLY Binary (Open3D),1045836,14.96108913
H4_R0_1121,145.6429958,15697139,PLY Binary (Open3D),1046456,14.96995831
H4_R0_1122,146.6493607,15675074,PLY Binary (Open3D),1044985,14.94891548
H4_R0_1123,145.6472874,15674579,PLY Binary (Open3D),1044952,14.94844341
H4_R0_1124,147.1471786,15694949,PLY Binary (Open3D),1046310,14.96786976
H4_R0_1125,146.1575031,15681494,PLY Binary (Open3D),1045413,14.95503807
H4_R0_1126,147.1495628,15673844,PLY Binary (Open3D),1044903,14.94774246
H4_R0_1127,145.6487179,15667994,PLY Binary (Open3D),1044513,14.94216347
H4_R0_1128,147.1641064,15685349,PLY Binary (Open3D),1045670,14.95871449
H4_R0_1129,145.1508999,15685859,PLY Binary (Open3D),1045704,14.95920086
H4_R0_1130,146.6388702,15692324,PLY Binary (Open3D),1046135,14.96536636
H4_R0_1131,145.1487541,15692144,PLY Binary (Open3D),1046123,14.9651947
H4_R0_1132,147.1436024,15700709,PLY Binary (Open3D),1046694,14.97336292
H4_R0_1133,145.6511021,15709649,PLY Binary (Open3D),1047290,14.98188877
H4_R0_1134,148.1478214,15700469,PLY Binary (Open3D),1046678,14.97313404
H4_R0_1135,146.1558342,15705809,PLY Binary (Open3D),1047034,14.97822666
H4_R0_1136,147.1588612,15693434,PLY Binary (Open3D),1046209,14.96642494
H4_R0_1137,147.6578712,15695519,PLY Binary (Open3D),1046348,14.96841335
H4_R0_1138,145.1580524,15675599,PLY Binary (Open3D),1045020,14.94941616
H4_R0_1139,147.1397877,15695579,PLY Binary (Open3D),1046352,14.96847057
H4_R0_1140,146.5482712,15688109,PLY Binary (Open3D),1045854,14.96134663
H4_R0_1141,147.6397514,15726014,PLY Binary (Open3D),1048381,14.99749565
H4_R0_1142,147.6416588,15813644,PLY Binary (Open3D),1054223,15.08106613
H4_R0_1143,148.4484673,15876044,PLY Binary (Open3D),1058383,15.14057541
H4_R0_1144,150.6505013,16011344,PLY Binary (Open3D),1067403,15.26960754
H4_R0_1145,149.1518021,16087499,PLY Binary (Open3D),1072480,15.34223461
H4_R0_1146,152.6334286,16187714,PLY Binary (Open3D),1079161,15.43780708
H4_R0_1147,151.1442661,16241579,PLY Binary (Open3D),1082752,15.48917675
H4_R0_1148,152.1410942,16272659,PLY Binary (Open3D),1084824,15.51881695
H4_R0_1149,151.6354084,16356779,PLY Binary (Open3D),1090432,15.59904003
H4_R0_1150,152.1451473,16337954,PLY Binary (Open3D),1089177,15.58108711
H4_R0_1151,153.1374454,16364009,PLY Binary (Open3D),1090914,15.6059351
H4_R0_1152,151.1394978,16356659,PLY Binary (Open3D),1090424,15.59892559
H4_R0_1153,151.6375542,16343294,PLY Binary (Open3D),1089533,15.58617973
H4_R0_1154,154.0417671,16333004,PLY Binary (Open3D),1088847,15.57636642
H4_R0_1155,152.14324,16336664,PLY Binary (Open3D),1089091,15.57985687
H4_R0_1156,153.8932323,16355309,PLY Binary (Open3D),1090334,15.59763813
H4_R0_1157,152.1425247,16392974,PLY Binary (Open3D),1092845,15.63355827
H4_R0_1158,154.0386677,16360814,PLY Binary (Open3D),1090701,15.60288811
H4_R0_1159,152.1341801,16311539,PLY Binary (Open3D),1087416,15.55589581
H4_R0_1160,152.0457268,16290524,PLY Binary (Open3D),1086015,15.53585434
H4_R0_1161,152.6322365,16287539,PLY Binary (Open3D),1085816,15.53300762
H4_R0_1162,150.1424313,16290854,PLY Binary (Open3D),1086037,15.53616905
H4_R0_1163,151.1216164,16291829,PLY Binary (Open3D),1086102,15.53709888
H4_R0_1164,149.6458054,16286504,PLY Binary (Open3D),1085747,15.53202057
H4_R0_1165,150.1336098,16289339,PLY Binary (Open3D),1085936,15.53472424
H4_R0_1166,148.8695145,16293749,PLY Binary (Open3D),1086230,15.53892994
H4_R0_1167,151.6423225,16256669,PLY Binary (Open3D),1083758,15.5035677
H4_R0_1168,149.6462822,16268204,PLY Binary (Open3D),1084527,15.51456833
H4_R0_1169,150.1438618,16267169,PLY Binary (Open3D),1084458,15.51358128
H4_R0_1170,149.6405602,16257419,PLY Binary (Open3D),1083808,15.50428295
H4_R0_1171,151.0710716,16265834,PLY Binary (Open3D),1084369,15.51230812
H4_R0_1172,149.1525173,16244684,PLY Binary (Open3D),1082959,15.49213791
H4_R0_1173,150.1448154,16254794,PLY Binary (Open3D),1083633,15.50177956
H4_R0_1174,149.6400833,16272074,PLY Binary (Open3D),1084785,15.51825905
H4_R0_1175,149.3625641,16241714,PLY Binary (Open3D),1082761,15.4893055
H4_R0_1176,149.6472359,16238699,PLY Binary (Open3D),1082560,15.48643017
H4_R0_1177,150.1469612,16252214,PLY Binary (Open3D),1083461,15.49931908
H4_R0_1178,149.1537094,16271294,PLY Binary (Open3D),1084733,15.51751518
H4_R0_1179,149.6427059,16273949,PLY Binary (Open3D),1084910,15.52004719
H4_R0_1180,150.1464844,16340039,PLY Binary (Open3D),1089316,15.58307552
H4_R0_1181,151.1435509,16367699,PLY Binary (Open3D),1091160,15.60945415
H4_R0_1182,156.134367,16367084,PLY Binary (Open3D),1091119,15.60886765
H4_R0_1183,156.6252708,16392269,PLY Binary (Open3D),1092798,15.63288593
H4_R0_1184,155.1530361,16389584,PLY Binary (Open3D),1092619,15.63032532
H4_R0_1185,156.1226845,16389314,PLY Binary (Open3D),1092601,15.63006783
H4_R0_1186,155.1363468,16366919,PLY Binary (Open3D),1091108,15.60871029
H4_R0_1187,150.6273746,16398164,PLY Binary (Open3D),1093191,15.63850784
H4_R0_1188,152.1408558,16394084,PLY Binary (Open3D),1092919,15.63461685
H4_R0_1189,158.1304073,16386269,PLY Binary (Open3D),1092398,15.62716389
H4_R0_1190,151.1423588,16380719,PLY Binary (Open3D),1092028,15.62187099
H4_R0_1191,157.6163769,16366529,PLY Binary (Open3D),1091082,15.60833836
H4_R0_1192,150.8877277,16363904,PLY Binary (Open3D),1090907,15.60583496
H4_R0_1193,156.632185,16372754,PLY Binary (Open3D),1091497,15.61427498
H4_R0_1194,156.621933,16362314,PLY Binary (Open3D),1090801,15.60431862
H4_R0_1195,152.14324,16366079,PLY Binary (Open3D),1091052,15.6079092
H4_R0_1196,156.6257477,16350209,PLY Binary (Open3D),1089994,15.59277439
H4_R0_1197,157.1295261,16343324,PLY Binary (Open3D),1089535,15.58620834
H4_R0_1198,155.1344395,16347509,PLY Binary (Open3D),1089814,15.59019947
H4_R0_1199,150.1505375,16332134,PLY Binary (Open3D),1088789,15.57553673
H4_R0_1200,155.6420326,16343609,PLY Binary (Open3D),1089554,15.58648014
H4_R0_1201,155.1339626,16349609,PLY Binary (Open3D),1089954,15.59220219
H4_R0_1202,156.1322212,16332869,PLY Binary (Open3D),1088838,15.57623768
H4_R0_1203,151.140213,16332599,PLY Binary (Open3D),1088820,15.57598019
H4_R0_1204,151.632309,16345604,PLY Binary (Open3D),1089687,15.58838272
H4_R0_1205,157.088995,16326344,PLY Binary (Open3D),1088403,15.57001495
H4_R0_1206,157.1314335,16330034,PLY Binary (Open3D),1088649,15.57353401
H4_R0_1207,150.1502991,16318154,PLY Binary (Open3D),1087857,15.56220436
H4_R0_1208,150.9318352,16326794,PLY Binary (Open3D),1088433,15.57044411
H4_R0_1209,154.6313763,16326119,PLY Binary (Open3D),1088388,15.56980038
H4_R0_1210,150.1555443,16323179,PLY Binary (Open3D),1088192,15.56699657
H4_R0_1211,155.1346779,16347959,PLY Binary (Open3D),1089844,15.59062862
H4_R0_1212,155.8156013,16345214,PLY Binary (Open3D),1089661,15.58801079
H4_R0_1213,150.144577,16345079,PLY Binary (Open3D),1089652,15.58788204
H4_R0_1214,155.1194191,16351649,PLY Binary (Open3D),1090090,15.59414768
H4_R0_1215,151.1428356,16348469,PLY Binary (Open3D),1089878,15.591115
H4_R0_1216,156.6286087,16351619,PLY Binary (Open3D),1090088,15.59411907
H4_R0_1217,154.1297436,16345844,PLY Binary (Open3D),1089703,15.5886116
H4_R0_1218,159.129858,16350449,PLY Binary (Open3D),1090010,15.59300327
H4_R0_1219,156.6305161,16342409,PLY Binary (Open3D),1089474,15.58533573
H4_R0_1220,156.1286449,16363994,PLY Binary (Open3D),1090913,15.60592079
H4_R0_1221,152.1425247,16347344,PLY Binary (Open3D),1089803,15.59004211
H4_R0_1222,150.147438,16336439,PLY Binary (Open3D),1089076,15.5796423
H4_R0_1223,151.6475677,16355969,PLY Binary (Open3D),1090378,15.59826756
H4_R0_1224,161.1158848,16351874,PLY Binary (Open3D),1090105,15.59436226
H4_R0_1225,158.1337452,16354784,PLY Binary (Open3D),1090299,15.59713745
H4_R0_1226,150.1507759,16354769,PLY Binary (Open3D),1090298,15.59712315
H4_R0_1227,156.624794,16366259,PLY Binary (Open3D),1091064,15.60808086
H4_R0_1228,159.1296196,16368779,PLY Binary (Open3D),1091232,15.61048412
H4_R0_1229,157.1342945,16387244,PLY Binary (Open3D),1092463,15.62809372
H4_R0_1230,151.1456966,16423079,PLY Binary (Open3D),1094852,15.66226864
H4_R0_1231,157.6282978,16487144,PLY Binary (Open3D),1099123,15.72336578
H4_R0_1232,159.2848301,16559909,PLY Binary (Open3D),1103974,15.7927599
H4_R0_1233,158.1101418,16517489,PLY Binary (Open3D),1101146,15.75230503
H4_R0_1234,157.6178074,16534829,PLY Binary (Open3D),1102302,15.76884174
H4_R0_1235,159.1217518,16555874,PLY Binary (Open3D),1103705,15.78891182
H4_R0_1236,152.1365643,16557839,PLY Binary (Open3D),1103836,15.79078579
H4_R0_1237,151.6420841,16511969,PLY Binary (Open3D),1100778,15.74704075
H4_R0_1238,156.1286449,16504259,PLY Binary (Open3D),1100264,15.73968792
H4_R0_1239,156.126976,16495709,PLY Binary (Open3D),1099694,15.731534
H4_R0_1240,156.1369896,16483049,PLY Binary (Open3D),1098850,15.71946049
H4_R0_1241,155.6339264,16477154,PLY Binary (Open3D),1098457,15.71383858
H4_R0_1242,151.1409283,16451744,PLY Binary (Open3D),1096763,15.68960571
H4_R0_1243,157.1228504,16416374,PLY Binary (Open3D),1094405,15.65587425
H4_R0_1244,155.1232338,16394579,PLY Binary (Open3D),1092952,15.63508892
H4_R0_1245,155.6329727,16384694,PLY Binary (Open3D),1092293,15.62566185
H4_R0_1246,150.146246,16373639,PLY Binary (Open3D),1091556,15.61511898
H4_R0_1247,155.1334858,16374254,PLY Binary (Open3D),1091597,15.61570549
H4_R0_1248,197.0310211,16379489,PLY Binary (Open3D),1091946,15.62069798
H4_R0_1249,150.1460075,16354484,PLY Binary (Open3D),1090279,15.59685135
H4_R0_1250,156.9616795,16343939,PLY Binary (Open3D),1089576,15.58679485
H4_R0_1251,154.5908451,16335689,PLY Binary (Open3D),1089026,15.57892704
H4_R0_1252,151.1471272,16331804,PLY Binary (Open3D),1088767,15.57522202
H4_R0_1253,154.8240185,16332989,PLY Binary (Open3D),1088846,15.57635212
H4_R0_1254,151.1440277,16309769,PLY Binary (Open3D),1087298,15.5542078
H4_R0_1255,155.1339626,16344479,PLY Binary (Open3D),1089612,15.58730984
H4_R0_1256,155.1399231,16306604,PLY Binary (Open3D),1087087,15.55118942
H4_R0_1257,155.6315422,16327499,PLY Binary (Open3D),1088480,15.57111645
H4_R0_1258,154.1342735,16274804,PLY Binary (Open3D),1084967,15.52086258
H4_R0_1259,155.1268101,16324169,PLY Binary (Open3D),1088258,15.56794071
H4_R0_1260,154.1442871,16310684,PLY Binary (Open3D),1087359,15.55508041
H4_R0_1261,195.546627,16315604,PLY Binary (Open3D),1087687,15.55977249
H4_R0_1262,157.1383476,16324244,PLY Binary (Open3D),1088263,15.56801224
H4_R0_1263,157.1297646,16350434,PLY Binary (Open3D),1090009,15.59298897
H4_R0_1264,198.0290413,16328984,PLY Binary (Open3D),1088579,15.57253265
H4_R0_1265,156.1310291,16354214,PLY Binary (Open3D),1090261,15.59659386
H4_R0_1266,157.613039,16314404,PLY Binary (Open3D),1087607,15.55862808
H4_R0_1267,153.7630558,16343594,PLY Binary (Open3D),1089553,15.58646584
H4_R0_1268,150.1457691,16333559,PLY Binary (Open3D),1088884,15.57689571
H4_R0_1269,155.0815105,16360304,PLY Binary (Open3D),1090667,15.60240173
H4_R0_1270,155.6346416,16348139,PLY Binary (Open3D),1089856,15.59080029
H4_R0_1271,155.1346779,16370609,PLY Binary (Open3D),1091354,15.61222935
H4_R0_1272,149.1479874,16340804,PLY Binary (Open3D),1089367,15.58380508
H4_R0_1273,155.6298733,16339109,PLY Binary (Open3D),1089254,15.58218861
H4_R0_1274,155.1373005,16346429,PLY Binary (Open3D),1089742,15.5891695
H4_R0_1275,155.9865475,16368539,PLY Binary (Open3D),1091216,15.61025524
H4_R0_1276,154.1407108,16340819,PLY Binary (Open3D),1089368,15.58381939
H4_R0_1277,154.6287537,16315949,PLY Binary (Open3D),1087710,15.56010151
H4_R0_1278,155.6241512,16399394,PLY Binary (Open3D),1093273,15.63968086
H4_R0_1279,156.3224792,16400729,PLY Binary (Open3D),1093362,15.64095402
H4_R0_1280,157.6352119,16311914,PLY Binary (Open3D),1087441,15.55625343
H4_R0_1281,160.1212025,16358984,PLY Binary (Open3D),1090579,15.60114288
H4_R0_1282,158.1268311,16333049,PLY Binary (Open3D),1088850,15.57640934
H4_R0_1283,158.1268311,16374449,PLY Binary (Open3D),1091610,15.61589146
H4_R0_1284,155.6248665,16343414,PLY Binary (Open3D),1089541,15.58629417
H4_R0_1285,156.1224461,16322294,PLY Binary (Open3D),1088133,15.56615257
H4_R0_1286,155.1303864,16326524,PLY Binary (Open3D),1088415,15.57018661
H4_R0_1287,155.1408768,16318379,PLY Binary (Open3D),1087872,15.56241894
H4_R0_1288,155.6251049,16369619,PLY Binary (Open3D),1091288,15.61128521
H4_R0_1289,155.1361084,16366544,PLY Binary (Open3D),1091083,15.60835266
H4_R0_1290,156.1257839,16409609,PLY Binary (Open3D),1093954,15.64942265
H4_R0_1291,155.1351547,16361489,PLY Binary (Open3D),1090746,15.60353184
H4_R0_1292,155.6348801,16369379,PLY Binary (Open3D),1091272,15.61105633
H4_R0_1293,157.1421623,16331159,PLY Binary (Open3D),1088724,15.5746069
H4_R0_1294,155.1382542,16322984,PLY Binary (Open3D),1088179,15.56681061
H4_R0_1295,157.6259136,16360769,PLY Binary (Open3D),1090698,15.60284519
H4_R0_1296,156.6224098,16332884,PLY Binary (Open3D),1088839,15.57625198
H4_R0_1297,156.1331749,16440959,PLY Binary (Open3D),1096044,15.67932034
H4_R0_1298,152.2362232,16469699,PLY Binary (Open3D),1097960,15.70672894
H4_R0_1299,150.6447792,16431539,PLY Binary (Open3D),1095416,15.67033672
H4_R0_1300,157.1331024,16525664,PLY Binary (Open3D),1101691,15.76010132
