Participant,DoF,Contents,Codecs,Bitrates,Scores
1,1,1,1,1,5
1,1,1,2,2,2
1,1,1,2,3,2
1,1,1,2,4,3
1,1,1,2,5,4
1,1,1,3,2,1
1,1,1,3,3,2
1,1,1,3,4,3
1,1,1,3,5,4
1,1,2,1,1,4
1,1,2,2,2,2
1,1,2,2,3,2
1,1,2,2,4,4
1,1,2,2,5,4
1,1,2,3,2,1
1,1,2,3,3,3
1,1,2,3,4,3
1,1,2,3,5,4
1,1,3,1,1,5
1,1,3,2,2,3
1,1,3,2,3,3
1,1,3,2,4,4
1,1,3,2,5,5
1,1,3,3,2,1
1,1,3,3,3,2
1,1,3,3,4,4
1,1,3,3,5,5
1,1,4,1,1,3
1,1,4,2,2,1
1,1,4,2,3,2
1,1,4,2,4,3
1,1,4,2,5,3
1,1,4,3,2,1
1,1,4,3,3,3
1,1,4,3,4,4
1,1,4,3,5,3
2,1,1,1,1,5
2,1,1,2,2,2
2,1,1,2,3,2
2,1,1,2,4,2
2,1,1,2,5,3
2,1,1,3,2,1
2,1,1,3,3,1
2,1,1,3,4,2
2,1,1,3,5,3
2,1,2,1,1,1
2,1,2,2,2,2
2,1,2,2,3,3
2,1,2,2,4,2
2,1,2,2,5,3
2,1,2,3,2,1
2,1,2,3,3,2
2,1,2,3,4,2
2,1,2,3,5,2
2,1,3,1,1,1
2,1,3,2,2,1
2,1,3,2,3,2
2,1,3,2,4,3
2,1,3,2,5,4
2,1,3,3,2,1
2,1,3,3,3,1
2,1,3,3,4,3
2,1,3,3,5,4
2,1,4,1,1,4
2,1,4,2,2,1
2,1,4,2,3,1
2,1,4,2,4,3
2,1,4,2,5,4
2,1,4,3,2,1
2,1,4,3,3,2
2,1,4,3,4,4
2,1,4,3,5,3
3,1,1,1,1,4
3,1,1,2,2,2
3,1,1,2,3,2
3,1,1,2,4,3
3,1,1,2,5,3
3,1,1,3,2,1
3,1,1,3,3,1
3,1,1,3,4,3
3,1,1,3,5,2
3,1,2,1,1,4
3,1,2,2,2,2
3,1,2,2,3,2
3,1,2,2,4,4
3,1,2,2,5,3
3,1,2,3,2,1
3,1,2,3,3,2
3,1,2,3,4,2
3,1,2,3,5,2
3,1,3,1,1,5
3,1,3,2,2,2
3,1,3,2,3,2
3,1,3,2,4,3
3,1,3,2,5,4
3,1,3,3,2,1
3,1,3,3,3,1
3,1,3,3,4,3
3,1,3,3,5,3
3,1,4,1,1,3
3,1,4,2,2,1
3,1,4,2,3,1
3,1,4,2,4,3
3,1,4,2,5,3
3,1,4,3,2,1
3,1,4,3,3,1
3,1,4,3,4,3
3,1,4,3,5,3
4,1,1,1,1,4
4,1,1,2,2,1
4,1,1,2,3,2
4,1,1,2,4,3
4,1,1,2,5,4
4,1,1,3,2,1
4,1,1,3,3,1
4,1,1,3,4,3
4,1,1,3,5,4
4,1,2,1,1,4
4,1,2,2,2,2
4,1,2,2,3,2
4,1,2,2,4,4
4,1,2,2,5,3
4,1,2,3,2,1
4,1,2,3,3,1
4,1,2,3,4,3
4,1,2,3,5,4
4,1,3,1,1,5
4,1,3,2,2,1
4,1,3,2,3,1
4,1,3,2,4,4
4,1,3,2,5,5
4,1,3,3,2,1
4,1,3,3,3,2
4,1,3,3,4,4
4,1,3,3,5,4
4,1,4,1,1,4
4,1,4,2,2,1
4,1,4,2,3,2
4,1,4,2,4,3
4,1,4,2,5,2
4,1,4,3,2,1
4,1,4,3,3,1
4,1,4,3,4,3
4,1,4,3,5,3
5,1,1,1,1,5
5,1,1,2,2,3
5,1,1,2,3,4
5,1,1,2,4,5
5,1,1,2,5,4
5,1,1,3,2,1
5,1,1,3,3,3
5,1,1,3,4,5
5,1,1,3,5,5
5,1,2,1,1,4
5,1,2,2,2,3
5,1,2,2,3,4
5,1,2,2,4,5
5,1,2,2,5,5
5,1,2,3,2,2
5,1,2,3,3,4
5,1,2,3,4,5
5,1,2,3,5,5
5,1,3,1,1,5
5,1,3,2,2,4
5,1,3,2,3,4
5,1,3,2,4,5
5,1,3,2,5,5
5,1,3,3,2,1
5,1,3,3,3,3
5,1,3,3,4,5
5,1,3,3,5,5
5,1,4,1,1,5
5,1,4,2,2,2
5,1,4,2,3,4
5,1,4,2,4,3
5,1,4,2,5,3
5,1,4,3,2,2
5,1,4,3,3,4
5,1,4,3,4,3
5,1,4,3,5,4
6,1,1,1,1,4
6,1,1,2,2,1
6,1,1,2,3,2
6,1,1,2,4,4
6,1,1,2,5,4
6,1,1,3,2,1
6,1,1,3,3,1
6,1,1,3,4,3
6,1,1,3,5,3
6,1,2,1,1,4
6,1,2,2,2,1
6,1,2,2,3,1
6,1,2,2,4,3
6,1,2,2,5,4
6,1,2,3,2,1
6,1,2,3,3,1
6,1,2,3,4,2
6,1,2,3,5,3
6,1,3,1,1,5
6,1,3,2,2,1
6,1,3,2,3,2
6,1,3,2,4,4
6,1,3,2,5,5
6,1,3,3,2,1
6,1,3,3,3,2
6,1,3,3,4,3
6,1,3,3,5,4
6,1,4,1,1,4
6,1,4,2,2,1
6,1,4,2,3,2
6,1,4,2,4,3
6,1,4,2,5,3
6,1,4,3,2,1
6,1,4,3,3,2
6,1,4,3,4,3
6,1,4,3,5,3
7,1,1,1,1,2
7,1,1,2,2,1
7,1,1,2,3,2
7,1,1,2,4,4
7,1,1,2,5,5
7,1,1,3,2,1
7,1,1,3,3,1
7,1,1,3,4,3
7,1,1,3,5,2
7,1,2,1,1,4
7,1,2,2,2,2
7,1,2,2,3,2
7,1,2,2,4,3
7,1,2,2,5,3
7,1,2,3,2,1
7,1,2,3,3,2
7,1,2,3,4,2
7,1,2,3,5,2
7,1,3,1,1,5
7,1,3,2,2,2
7,1,3,2,3,2
7,1,3,2,4,3
7,1,3,2,5,3
7,1,3,3,2,1
7,1,3,3,3,1
7,1,3,3,4,2
7,1,3,3,5,4
7,1,4,1,1,2
7,1,4,2,2,1
7,1,4,2,3,1
7,1,4,2,4,2
7,1,4,2,5,4
7,1,4,3,2,1
7,1,4,3,3,2
7,1,4,3,4,1
7,1,4,3,5,1
8,1,1,1,1,5
8,1,1,2,2,2
8,1,1,2,3,2
8,1,1,2,4,3
8,1,1,2,5,3
8,1,1,3,2,1
8,1,1,3,3,1
8,1,1,3,4,4
8,1,1,3,5,3
8,1,2,1,1,4
8,1,2,2,2,2
8,1,2,2,3,1
8,1,2,2,4,4
8,1,2,2,5,4
8,1,2,3,2,1
8,1,2,3,3,2
8,1,2,3,4,3
8,1,2,3,5,3
8,1,3,1,1,5
8,1,3,2,2,2
8,1,3,2,3,2
8,1,3,2,4,4
8,1,3,2,5,5
8,1,3,3,2,1
8,1,3,3,3,2
8,1,3,3,4,3
8,1,3,3,5,4
8,1,4,1,1,4
8,1,4,2,2,1
8,1,4,2,3,1
8,1,4,2,4,3
8,1,4,2,5,4
8,1,4,3,2,1
8,1,4,3,3,2
8,1,4,3,4,3
8,1,4,3,5,5
9,1,1,1,1,4
9,1,1,2,2,2
9,1,1,2,3,2
9,1,1,2,4,5
9,1,1,2,5,4
9,1,1,3,2,1
9,1,1,3,3,1
9,1,1,3,4,2
9,1,1,3,5,2
9,1,2,1,1,5
9,1,2,2,2,2
9,1,2,2,3,4
9,1,2,2,4,4
9,1,2,2,5,2
9,1,2,3,2,1
9,1,2,3,3,1
9,1,2,3,4,4
9,1,2,3,5,3
9,1,3,1,1,5
9,1,3,2,2,2
9,1,3,2,3,3
9,1,3,2,4,3
9,1,3,2,5,4
9,1,3,3,2,1
9,1,3,3,3,2
9,1,3,3,4,3
9,1,3,3,5,2
9,1,4,1,1,4
9,1,4,2,2,1
9,1,4,2,3,2
9,1,4,2,4,1
9,1,4,2,5,4
9,1,4,3,2,1
9,1,4,3,3,3
9,1,4,3,4,3
9,1,4,3,5,4
10,1,1,1,1,5
10,1,1,2,2,1
10,1,1,2,3,1
10,1,1,2,4,3
10,1,1,2,5,4
10,1,1,3,2,1
10,1,1,3,3,1
10,1,1,3,4,3
10,1,1,3,5,4
10,1,2,1,1,5
10,1,2,2,2,1
10,1,2,2,3,2
10,1,2,2,4,3
10,1,2,2,5,3
10,1,2,3,2,1
10,1,2,3,3,2
10,1,2,3,4,2
10,1,2,3,5,3
10,1,3,1,1,5
10,1,3,2,2,2
10,1,3,2,3,2
10,1,3,2,4,3
10,1,3,2,5,4
10,1,3,3,2,1
10,1,3,3,3,1
10,1,3,3,4,4
10,1,3,3,5,4
10,1,4,1,1,3
10,1,4,2,2,1
10,1,4,2,3,2
10,1,4,2,4,4
10,1,4,2,5,3
10,1,4,3,2,1
10,1,4,3,3,2
10,1,4,3,4,3
10,1,4,3,5,2
11,1,1,1,1,2
11,1,1,2,2,2
11,1,1,2,3,3
11,1,1,2,4,5
11,1,1,2,5,4
11,1,1,3,2,1
11,1,1,3,3,3
11,1,1,3,4,3
11,1,1,3,5,3
11,1,2,1,1,4
11,1,2,2,2,3
11,1,2,2,3,4
11,1,2,2,4,5
11,1,2,2,5,4
11,1,2,3,2,1
11,1,2,3,3,3
11,1,2,3,4,4
11,1,2,3,5,5
11,1,3,1,1,4
11,1,3,2,2,1
11,1,3,2,3,2
11,1,3,2,4,3
11,1,3,2,5,4
11,1,3,3,2,1
11,1,3,3,3,1
11,1,3,3,4,3
11,1,3,3,5,3
11,1,4,1,1,3
11,1,4,2,2,1
11,1,4,2,3,3
11,1,4,2,4,2
11,1,4,2,5,5
11,1,4,3,2,1
11,1,4,3,3,3
11,1,4,3,4,3
11,1,4,3,5,3
12,1,1,1,1,4
12,1,1,2,2,3
12,1,1,2,3,3
12,1,1,2,4,4
12,1,1,2,5,4
12,1,1,3,2,1
12,1,1,3,3,2
12,1,1,3,4,3
12,1,1,3,5,2
12,1,2,1,1,4
12,1,2,2,2,2
12,1,2,2,3,2
12,1,2,2,4,5
12,1,2,2,5,3
12,1,2,3,2,1
12,1,2,3,3,3
12,1,2,3,4,3
12,1,2,3,5,5
12,1,3,1,1,4
12,1,3,2,2,2
12,1,3,2,3,4
12,1,3,2,4,3
12,1,3,2,5,5
12,1,3,3,2,2
12,1,3,3,3,2
12,1,3,3,4,3
12,1,3,3,5,4
12,1,4,1,1,2
12,1,4,2,2,1
12,1,4,2,3,2
12,1,4,2,4,3
12,1,4,2,5,1
12,1,4,3,2,1
12,1,4,3,3,2
12,1,4,3,4,2
12,1,4,3,5,2
13,1,1,1,1,5
13,1,1,2,2,1
13,1,1,2,3,3
13,1,1,2,4,3
13,1,1,2,5,4
13,1,1,3,2,1
13,1,1,3,3,1
13,1,1,3,4,3
13,1,1,3,5,5
13,1,2,1,1,5
13,1,2,2,2,1
13,1,2,2,3,1
13,1,2,2,4,3
13,1,2,2,5,3
13,1,2,3,2,1
13,1,2,3,3,2
13,1,2,3,4,3
13,1,2,3,5,4
13,1,3,1,1,5
13,1,3,2,2,2
13,1,3,2,3,2
13,1,3,2,4,3
13,1,3,2,5,4
13,1,3,3,2,1
13,1,3,3,3,1
13,1,3,3,4,4
13,1,3,3,5,5
13,1,4,1,1,5
13,1,4,2,2,1
13,1,4,2,3,1
13,1,4,2,4,3
13,1,4,2,5,4
13,1,4,3,2,1
13,1,4,3,3,3
13,1,4,3,4,2
13,1,4,3,5,2
14,1,1,1,1,3
14,1,1,2,2,1
14,1,1,2,3,1
14,1,1,2,4,2
14,1,1,2,5,3
14,1,1,3,2,1
14,1,1,3,3,1
14,1,1,3,4,2
14,1,1,3,5,3
14,1,2,1,1,4
14,1,2,2,2,1
14,1,2,2,3,1
14,1,2,2,4,4
14,1,2,2,5,4
14,1,2,3,2,1
14,1,2,3,3,1
14,1,2,3,4,3
14,1,2,3,5,3
14,1,3,1,1,4
14,1,3,2,2,1
14,1,3,2,3,1
14,1,3,2,4,2
14,1,3,2,5,3
14,1,3,3,2,1
14,1,3,3,3,1
14,1,3,3,4,1
14,1,3,3,5,3
14,1,4,1,1,3
14,1,4,2,2,1
14,1,4,2,3,2
14,1,4,2,4,2
14,1,4,2,5,3
14,1,4,3,2,1
14,1,4,3,3,1
14,1,4,3,4,3
14,1,4,3,5,2
15,1,1,1,1,3
15,1,1,2,2,1
15,1,1,2,3,1
15,1,1,2,4,3
15,1,1,2,5,4
15,1,1,3,2,1
15,1,1,3,3,1
15,1,1,3,4,2
15,1,1,3,5,4
15,1,2,1,1,4
15,1,2,2,2,1
15,1,2,2,3,2
15,1,2,2,4,3
15,1,2,2,5,5
15,1,2,3,2,1
15,1,2,3,3,2
15,1,2,3,4,3
15,1,2,3,5,3
15,1,3,1,1,5
15,1,3,2,2,2
15,1,3,2,3,2
15,1,3,2,4,3
15,1,3,2,5,2
15,1,3,3,2,1
15,1,3,3,3,1
15,1,3,3,4,3
15,1,3,3,5,3
15,1,4,1,1,4
15,1,4,2,2,1
15,1,4,2,3,3
15,1,4,2,4,3
15,1,4,2,5,4
15,1,4,3,2,1
15,1,4,3,3,2
15,1,4,3,4,4
15,1,4,3,5,3
16,1,1,1,1,3
16,1,1,2,2,4
16,1,1,2,3,3
16,1,1,2,4,3
16,1,1,2,5,3
16,1,1,3,2,1
16,1,1,3,3,2
16,1,1,3,4,3
16,1,1,3,5,3
16,1,2,1,1,5
16,1,2,2,2,4
16,1,2,2,3,3
16,1,2,2,4,4
16,1,2,2,5,3
16,1,2,3,2,2
16,1,2,3,3,4
16,1,2,3,4,3
16,1,2,3,5,3
16,1,3,1,1,5
16,1,3,2,2,4
16,1,3,2,3,2
16,1,3,2,4,4
16,1,3,2,5,4
16,1,3,3,2,4
16,1,3,3,3,2
16,1,3,3,4,4
16,1,3,3,5,4
16,1,4,1,1,4
16,1,4,2,2,1
16,1,4,2,3,4
16,1,4,2,4,4
16,1,4,2,5,5
16,1,4,3,2,1
16,1,4,3,3,3
16,1,4,3,4,4
16,1,4,3,5,2
17,1,1,1,1,5
17,1,1,2,2,3
17,1,1,2,3,2
17,1,1,2,4,3
17,1,1,2,5,4
17,1,1,3,2,1
17,1,1,3,3,2
17,1,1,3,4,3
17,1,1,3,5,5
17,1,2,1,1,5
17,1,2,2,2,2
17,1,2,2,3,3
17,1,2,2,4,3
17,1,2,2,5,4
17,1,2,3,2,1
17,1,2,3,3,2
17,1,2,3,4,3
17,1,2,3,5,4
17,1,3,1,1,4
17,1,3,2,2,3
17,1,3,2,3,2
17,1,3,2,4,4
17,1,3,2,5,5
17,1,3,3,2,1
17,1,3,3,3,3
17,1,3,3,4,2
17,1,3,3,5,5
17,1,4,1,1,3
17,1,4,2,2,1
17,1,4,2,3,2
17,1,4,2,4,3
17,1,4,2,5,4
17,1,4,3,2,1
17,1,4,3,3,2
17,1,4,3,4,3
17,1,4,3,5,4
18,1,1,1,1,4
18,1,1,2,2,1
18,1,1,2,3,2
18,1,1,2,4,4
18,1,1,2,5,5
18,1,1,3,2,1
18,1,1,3,3,1
18,1,1,3,4,2
18,1,1,3,5,4
18,1,2,1,1,4
18,1,2,2,2,2
18,1,2,2,3,2
18,1,2,2,4,4
18,1,2,2,5,4
18,1,2,3,2,1
18,1,2,3,3,2
18,1,2,3,4,3
18,1,2,3,5,4
18,1,3,1,1,5
18,1,3,2,2,2
18,1,3,2,3,1
18,1,3,2,4,3
18,1,3,2,5,3
18,1,3,3,2,1
18,1,3,3,3,2
18,1,3,3,4,3
18,1,3,3,5,5
18,1,4,1,1,2
18,1,4,2,2,1
18,1,4,2,3,3
18,1,4,2,4,2
18,1,4,2,5,3
18,1,4,3,2,1
18,1,4,3,3,3
18,1,4,3,4,1
18,1,4,3,5,3
19,1,1,1,1,5
19,1,1,2,2,2
19,1,1,2,3,2
19,1,1,2,4,5
19,1,1,2,5,5
19,1,1,3,2,1
19,1,1,3,3,4
19,1,1,3,4,4
19,1,1,3,5,5
19,1,2,1,1,5
19,1,2,2,2,2
19,1,2,2,3,3
19,1,2,2,4,4
19,1,2,2,5,4
19,1,2,3,2,1
19,1,2,3,3,4
19,1,2,3,4,4
19,1,2,3,5,5
19,1,3,1,1,5
19,1,3,2,2,3
19,1,3,2,3,2
19,1,3,2,4,3
19,1,3,2,5,5
19,1,3,3,2,1
19,1,3,3,3,1
19,1,3,3,4,3
19,1,3,3,5,5
19,1,4,1,1,4
19,1,4,2,2,1
19,1,4,2,3,4
19,1,4,2,4,3
19,1,4,2,5,3
19,1,4,3,2,1
19,1,4,3,3,3
19,1,4,3,4,5
19,1,4,3,5,4
20,1,1,1,1,4
20,1,1,2,2,3
20,1,1,2,3,3
20,1,1,2,4,2
20,1,1,2,5,4
20,1,1,3,2,1
20,1,1,3,3,1
20,1,1,3,4,1
20,1,1,3,5,2
20,1,2,1,1,5
20,1,2,2,2,2
20,1,2,2,3,1
20,1,2,2,4,2
20,1,2,2,5,3
20,1,2,3,2,1
20,1,2,3,3,4
20,1,2,3,4,2
20,1,2,3,5,3
20,1,3,1,1,5
20,1,3,2,2,2
20,1,3,2,3,2
20,1,3,2,4,5
20,1,3,2,5,3
20,1,3,3,2,1
20,1,3,3,3,2
20,1,3,3,4,3
20,1,3,3,5,3
20,1,4,1,1,3
20,1,4,2,2,1
20,1,4,2,3,2
20,1,4,2,4,4
20,1,4,2,5,4
20,1,4,3,2,1
20,1,4,3,3,2
20,1,4,3,4,2
20,1,4,3,5,3
21,1,1,1,1,5
21,1,1,2,2,1
21,1,1,2,3,1
21,1,1,2,4,3
21,1,1,2,5,5
21,1,1,3,2,1
21,1,1,3,3,1
21,1,1,3,4,3
21,1,1,3,5,3
21,1,2,1,1,4
21,1,2,2,2,1
21,1,2,2,3,1
21,1,2,2,4,3
21,1,2,2,5,5
21,1,2,3,2,1
21,1,2,3,3,1
21,1,2,3,4,2
21,1,2,3,5,2
21,1,3,1,1,5
21,1,3,2,2,1
21,1,3,2,3,1
21,1,3,2,4,2
21,1,3,2,5,5
21,1,3,3,2,1
21,1,3,3,3,1
21,1,3,3,4,2
21,1,3,3,5,5
21,1,4,1,1,5
21,1,4,2,2,1
21,1,4,2,3,2
21,1,4,2,4,2
21,1,4,2,5,4
21,1,4,3,2,1
21,1,4,3,3,1
21,1,4,3,4,2
21,1,4,3,5,3
22,1,1,1,1,5
22,1,1,2,2,2
22,1,1,2,3,2
22,1,1,2,4,3
22,1,1,2,5,5
22,1,1,3,2,1
22,1,1,3,3,2
22,1,1,3,4,4
22,1,1,3,5,5
22,1,2,1,1,5
22,1,2,2,2,2
22,1,2,2,3,3
22,1,2,2,4,5
22,1,2,2,5,5
22,1,2,3,2,1
22,1,2,3,3,2
22,1,2,3,4,4
22,1,2,3,5,4
22,1,3,1,1,5
22,1,3,2,2,2
22,1,3,2,3,2
22,1,3,2,4,3
22,1,3,2,5,5
22,1,3,3,2,1
22,1,3,3,3,3
22,1,3,3,4,5
22,1,3,3,5,5
22,1,4,1,1,2
22,1,4,2,2,1
22,1,4,2,3,1
22,1,4,2,4,3
22,1,4,2,5,3
22,1,4,3,2,1
22,1,4,3,3,1
22,1,4,3,4,2
22,1,4,3,5,3
23,1,1,1,1,5
23,1,1,2,2,2
23,1,1,2,3,2
23,1,1,2,4,4
23,1,1,2,5,4
23,1,1,3,2,1
23,1,1,3,3,2
23,1,1,3,4,4
23,1,1,3,5,5
23,1,2,1,1,5
23,1,2,2,2,2
23,1,2,2,3,2
23,1,2,2,4,5
23,1,2,2,5,4
23,1,2,3,2,1
23,1,2,3,3,2
23,1,2,3,4,3
23,1,2,3,5,4
23,1,3,1,1,5
23,1,3,2,2,2
23,1,3,2,3,2
23,1,3,2,4,4
23,1,3,2,5,5
23,1,3,3,2,1
23,1,3,3,3,2
23,1,3,3,4,4
23,1,3,3,5,4
23,1,4,1,1,4
23,1,4,2,2,2
23,1,4,2,3,4
23,1,4,2,4,4
23,1,4,2,5,4
23,1,4,3,2,2
23,1,4,3,3,4
23,1,4,3,4,4
23,1,4,3,5,5
24,1,1,1,1,5
24,1,1,2,2,2
24,1,1,2,3,2
24,1,1,2,4,4
24,1,1,2,5,5
24,1,1,3,2,1
24,1,1,3,3,2
24,1,1,3,4,3
24,1,1,3,5,4
24,1,2,1,1,5
24,1,2,2,2,2
24,1,2,2,3,2
24,1,2,2,4,4
24,1,2,2,5,5
24,1,2,3,2,1
24,1,2,3,3,1
24,1,2,3,4,2
24,1,2,3,5,4
24,1,3,1,1,5
24,1,3,2,2,1
24,1,3,2,3,1
24,1,3,2,4,4
24,1,3,2,5,4
24,1,3,3,2,1
24,1,3,3,3,1
24,1,3,3,4,3
24,1,3,3,5,3
24,1,4,1,1,2
24,1,4,2,2,1
24,1,4,2,3,1
24,1,4,2,4,2
24,1,4,2,5,3
24,1,4,3,2,1
24,1,4,3,3,1
24,1,4,3,4,3
24,1,4,3,5,3
25,1,1,1,1,3
25,1,1,2,2,3
25,1,1,2,3,2
25,1,1,2,4,3
25,1,1,2,5,4
25,1,1,3,2,1
25,1,1,3,3,1
25,1,1,3,4,4
25,1,1,3,5,5
25,1,2,1,1,2
25,1,2,2,2,2
25,1,2,2,3,2
25,1,2,2,4,4
25,1,2,2,5,4
25,1,2,3,2,1
25,1,2,3,3,2
25,1,2,3,4,5
25,1,2,3,5,4
25,1,3,1,1,3
25,1,3,2,2,1
25,1,3,2,3,4
25,1,3,2,4,4
25,1,3,2,5,5
25,1,3,3,2,1
25,1,3,3,3,3
25,1,3,3,4,3
25,1,3,3,5,5
25,1,4,1,1,2
25,1,4,2,2,2
25,1,4,2,3,2
25,1,4,2,4,2
25,1,4,2,5,2
25,1,4,3,2,1
25,1,4,3,3,2
25,1,4,3,4,1
25,1,4,3,5,2
26,2,1,1,1,3
26,2,1,2,2,3
26,2,1,2,3,2
26,2,1,2,4,4
26,2,1,2,5,4
26,2,1,3,2,1
26,2,1,3,3,2
26,2,1,3,4,4
26,2,1,3,5,4
26,2,2,1,1,4
26,2,2,2,2,3
26,2,2,2,3,3
26,2,2,2,4,4
26,2,2,2,5,3
26,2,2,3,2,2
26,2,2,3,3,2
26,2,2,3,4,4
26,2,2,3,5,4
26,2,3,1,1,5
26,2,3,2,2,2
26,2,3,2,3,3
26,2,3,2,4,5
26,2,3,2,5,4
26,2,3,3,2,2
26,2,3,3,3,3
26,2,3,3,4,3
26,2,3,3,5,4
26,2,4,1,1,4
26,2,4,2,2,2
26,2,4,2,3,2
26,2,4,2,4,2
26,2,4,2,5,2
26,2,4,3,2,1
26,2,4,3,3,3
26,2,4,3,4,2
26,2,4,3,5,3
27,2,1,1,1,5
27,2,1,2,2,2
27,2,1,2,3,2
27,2,1,2,4,2
27,2,1,2,5,4
27,2,1,3,2,1
27,2,1,3,3,1
27,2,1,3,4,1
27,2,1,3,5,3
27,2,2,1,1,5
27,2,2,2,2,2
27,2,2,2,3,1
27,2,2,2,4,4
27,2,2,2,5,3
27,2,2,3,2,1
27,2,2,3,3,2
27,2,2,3,4,3
27,2,2,3,5,3
27,2,3,1,1,5
27,2,3,2,2,3
27,2,3,2,3,2
27,2,3,2,4,4
27,2,3,2,5,4
27,2,3,3,2,1
27,2,3,3,3,2
27,2,3,3,4,2
27,2,3,3,5,3
27,2,4,1,1,4
27,2,4,2,2,1
27,2,4,2,3,2
27,2,4,2,4,2
27,2,4,2,5,2
27,2,4,3,2,1
27,2,4,3,3,4
27,2,4,3,4,2
27,2,4,3,5,3
28,2,1,1,1,4
28,2,1,2,2,2
28,2,1,2,3,2
28,2,1,2,4,3
28,2,1,2,5,3
28,2,1,3,2,1
28,2,1,3,3,2
28,2,1,3,4,3
28,2,1,3,5,3
28,2,2,1,1,4
28,2,2,2,2,1
28,2,2,2,3,2
28,2,2,2,4,3
28,2,2,2,5,3
28,2,2,3,2,1
28,2,2,3,3,3
28,2,2,3,4,3
28,2,2,3,5,4
28,2,3,1,1,4
28,2,3,2,2,2
28,2,3,2,3,1
28,2,3,2,4,3
28,2,3,2,5,3
28,2,3,3,2,1
28,2,3,3,3,2
28,2,3,3,4,3
28,2,3,3,5,3
28,2,4,1,1,3
28,2,4,2,2,1
28,2,4,2,3,2
28,2,4,2,4,3
28,2,4,2,5,2
28,2,4,3,2,1
28,2,4,3,3,1
28,2,4,3,4,2
28,2,4,3,5,2
29,2,1,1,1,4
29,2,1,2,2,1
29,2,1,2,3,2
29,2,1,2,4,2
29,2,1,2,5,5
29,2,1,3,2,1
29,2,1,3,3,2
29,2,1,3,4,4
29,2,1,3,5,3
29,2,2,1,1,4
29,2,2,2,2,2
29,2,2,2,3,2
29,2,2,2,4,4
29,2,2,2,5,3
29,2,2,3,2,1
29,2,2,3,3,2
29,2,2,3,4,3
29,2,2,3,5,4
29,2,3,1,1,5
29,2,3,2,2,3
29,2,3,2,3,4
29,2,3,2,4,4
29,2,3,2,5,5
29,2,3,3,2,1
29,2,3,3,3,2
29,2,3,3,4,4
29,2,3,3,5,5
29,2,4,1,1,2
29,2,4,2,2,1
29,2,4,2,3,2
29,2,4,2,4,3
29,2,4,2,5,3
29,2,4,3,2,1
29,2,4,3,3,2
29,2,4,3,4,3
29,2,4,3,5,3
30,2,1,1,1,5
30,2,1,2,2,2
30,2,1,2,3,3
30,2,1,2,4,5
30,2,1,2,5,4
30,2,1,3,2,1
30,2,1,3,3,3
30,2,1,3,4,5
30,2,1,3,5,4
30,2,2,1,1,5
30,2,2,2,2,2
30,2,2,2,3,3
30,2,2,2,4,5
30,2,2,2,5,5
30,2,2,3,2,2
30,2,2,3,3,4
30,2,2,3,4,4
30,2,2,3,5,5
30,2,3,1,1,5
30,2,3,2,2,1
30,2,3,2,3,4
30,2,3,2,4,4
30,2,3,2,5,5
30,2,3,3,2,1
30,2,3,3,3,2
30,2,3,3,4,4
30,2,3,3,5,5
30,2,4,1,1,5
30,2,4,2,2,1
30,2,4,2,3,4
30,2,4,2,4,4
30,2,4,2,5,4
30,2,4,3,2,1
30,2,4,3,3,2
30,2,4,3,4,4
30,2,4,3,5,4
31,2,1,1,1,4
31,2,1,2,2,3
31,2,1,2,3,2
31,2,1,2,4,4
31,2,1,2,5,5
31,2,1,3,2,1
31,2,1,3,3,2
31,2,1,3,4,3
31,2,1,3,5,4
31,2,2,1,1,4
31,2,2,2,2,2
31,2,2,2,3,4
31,2,2,2,4,4
31,2,2,2,5,5
31,2,2,3,2,1
31,2,2,3,3,3
31,2,2,3,4,4
31,2,2,3,5,4
31,2,3,1,1,5
31,2,3,2,2,1
31,2,3,2,3,3
31,2,3,2,4,3
31,2,3,2,5,3
31,2,3,3,2,1
31,2,3,3,3,3
31,2,3,3,4,4
31,2,3,3,5,2
31,2,4,1,1,5
31,2,4,2,2,1
31,2,4,2,3,2
31,2,4,2,4,2
31,2,4,2,5,1
31,2,4,3,2,1
31,2,4,3,3,1
31,2,4,3,4,3
31,2,4,3,5,3
32,2,1,1,1,2
32,2,1,2,2,3
32,2,1,2,3,3
32,2,1,2,4,2
32,2,1,2,5,4
32,2,1,3,2,1
32,2,1,3,3,2
32,2,1,3,4,3
32,2,1,3,5,3
32,2,2,1,1,4
32,2,2,2,2,3
32,2,2,2,3,2
32,2,2,2,4,2
32,2,2,2,5,3
32,2,2,3,2,1
32,2,2,3,3,2
32,2,2,3,4,2
32,2,2,3,5,4
32,2,3,1,1,4
32,2,3,2,2,2
32,2,3,2,3,2
32,2,3,2,4,3
32,2,3,2,5,2
32,2,3,3,2,1
32,2,3,3,3,1
32,2,3,3,4,3
32,2,3,3,5,4
32,2,4,1,1,2
32,2,4,2,2,1
32,2,4,2,3,1
32,2,4,2,4,1
32,2,4,2,5,1
32,2,4,3,2,1
32,2,4,3,3,1
32,2,4,3,4,1
32,2,4,3,5,1
33,2,1,1,1,5
33,2,1,2,2,2
33,2,1,2,3,2
33,2,1,2,4,5
33,2,1,2,5,5
33,2,1,3,2,1
33,2,1,3,3,2
33,2,1,3,4,3
33,2,1,3,5,5
33,2,2,1,1,3
33,2,2,2,2,3
33,2,2,2,3,3
33,2,2,2,4,3
33,2,2,2,5,4
33,2,2,3,2,1
33,2,2,3,3,3
33,2,2,3,4,4
33,2,2,3,5,5
33,2,3,1,1,5
33,2,3,2,2,2
33,2,3,2,3,3
33,2,3,2,4,4
33,2,3,2,5,4
33,2,3,3,2,1
33,2,3,3,3,2
33,2,3,3,4,3
33,2,3,3,5,4
33,2,4,1,1,4
33,2,4,2,2,1
33,2,4,2,3,2
33,2,4,2,4,3
33,2,4,2,5,3
33,2,4,3,2,1
33,2,4,3,3,2
33,2,4,3,4,4
33,2,4,3,5,4
34,2,1,1,1,5
34,2,1,2,2,2
34,2,1,2,3,2
34,2,1,2,4,4
34,2,1,2,5,4
34,2,1,3,2,1
34,2,1,3,3,2
34,2,1,3,4,2
34,2,1,3,5,4
34,2,2,1,1,5
34,2,2,2,2,3
34,2,2,2,3,3
34,2,2,2,4,4
34,2,2,2,5,4
34,2,2,3,2,1
34,2,2,3,3,3
34,2,2,3,4,3
34,2,2,3,5,5
34,2,3,1,1,5
34,2,3,2,2,2
34,2,3,2,3,1
34,2,3,2,4,4
34,2,3,2,5,5
34,2,3,3,2,1
34,2,3,3,3,2
34,2,3,3,4,3
34,2,3,3,5,4
34,2,4,1,1,3
34,2,4,2,2,1
34,2,4,2,3,4
34,2,4,2,4,3
34,2,4,2,5,4
34,2,4,3,2,1
34,2,4,3,3,3
34,2,4,3,4,3
34,2,4,3,5,4
35,2,1,1,1,3
35,2,1,2,2,1
35,2,1,2,3,2
35,2,1,2,4,4
35,2,1,2,5,4
35,2,1,3,2,1
35,2,1,3,3,2
35,2,1,3,4,3
35,2,1,3,5,3
35,2,2,1,1,4
35,2,2,2,2,2
35,2,2,2,3,2
35,2,2,2,4,4
35,2,2,2,5,4
35,2,2,3,2,1
35,2,2,3,3,2
35,2,2,3,4,3
35,2,2,3,5,3
35,2,3,1,1,5
35,2,3,2,2,2
35,2,3,2,3,2
35,2,3,2,4,3
35,2,3,2,5,4
35,2,3,3,2,1
35,2,3,3,3,2
35,2,3,3,4,4
35,2,3,3,5,4
35,2,4,1,1,2
35,2,4,2,2,1
35,2,4,2,3,3
35,2,4,2,4,3
35,2,4,2,5,3
35,2,4,3,2,1
35,2,4,3,3,2
35,2,4,3,4,3
35,2,4,3,5,2
36,2,1,1,1,5
36,2,1,2,2,2
36,2,1,2,3,5
36,2,1,2,4,2
36,2,1,2,5,5
36,2,1,3,2,2
36,2,1,3,3,2
36,2,1,3,4,4
36,2,1,3,5,5
36,2,2,1,1,4
36,2,2,2,2,3
36,2,2,2,3,4
36,2,2,2,4,4
36,2,2,2,5,4
36,2,2,3,2,2
36,2,2,3,3,3
36,2,2,3,4,5
36,2,2,3,5,5
36,2,3,1,1,5
36,2,3,2,2,3
36,2,3,2,3,3
36,2,3,2,4,2
36,2,3,2,5,3
36,2,3,3,2,1
36,2,3,3,3,2
36,2,3,3,4,2
36,2,3,3,5,5
36,2,4,1,1,4
36,2,4,2,2,1
36,2,4,2,3,3
36,2,4,2,4,3
36,2,4,2,5,2
36,2,4,3,2,1
36,2,4,3,3,2
36,2,4,3,4,3
36,2,4,3,5,3
37,2,1,1,1,3
37,2,1,2,2,3
37,2,1,2,3,1
37,2,1,2,4,4
37,2,1,2,5,3
37,2,1,3,2,3
37,2,1,3,3,4
37,2,1,3,4,4
37,2,1,3,5,3
37,2,2,1,1,5
37,2,2,2,2,4
37,2,2,2,3,5
37,2,2,2,4,4
37,2,2,2,5,5
37,2,2,3,2,2
37,2,2,3,3,3
37,2,2,3,4,3
37,2,2,3,5,3
37,2,3,1,1,4
37,2,3,2,2,2
37,2,3,2,3,2
37,2,3,2,4,5
37,2,3,2,5,4
37,2,3,3,2,1
37,2,3,3,3,1
37,2,3,3,4,4
37,2,3,3,5,5
37,2,4,1,1,5
37,2,4,2,2,1
37,2,4,2,3,4
37,2,4,2,4,3
37,2,4,2,5,2
37,2,4,3,2,1
37,2,4,3,3,2
37,2,4,3,4,3
37,2,4,3,5,3
38,2,1,1,1,3
38,2,1,2,2,1
38,2,1,2,3,2
38,2,1,2,4,3
38,2,1,2,5,3
38,2,1,3,2,1
38,2,1,3,3,2
38,2,1,3,4,2
38,2,1,3,5,3
38,2,2,1,1,5
38,2,2,2,2,2
38,2,2,2,3,2
38,2,2,2,4,2
38,2,2,2,5,4
38,2,2,3,2,1
38,2,2,3,3,1
38,2,2,3,4,3
38,2,2,3,5,4
38,2,3,1,1,4
38,2,3,2,2,1
38,2,3,2,3,2
38,2,3,2,4,3
38,2,3,2,5,2
38,2,3,3,2,1
38,2,3,3,3,1
38,2,3,3,4,2
38,2,3,3,5,2
38,2,4,1,1,2
38,2,4,2,2,1
38,2,4,2,3,1
38,2,4,2,4,2
38,2,4,2,5,2
38,2,4,3,2,1
38,2,4,3,3,1
38,2,4,3,4,2
38,2,4,3,5,2
39,2,1,1,1,5
39,2,1,2,2,2
39,2,1,2,3,4
39,2,1,2,4,3
39,2,1,2,5,5
39,2,1,3,2,1
39,2,1,3,3,3
39,2,1,3,4,4
39,2,1,3,5,4
39,2,2,1,1,5
39,2,2,2,2,2
39,2,2,2,3,2
39,2,2,2,4,2
39,2,2,2,5,4
39,2,2,3,2,1
39,2,2,3,3,1
39,2,2,3,4,3
39,2,2,3,5,3
39,2,3,1,1,5
39,2,3,2,2,1
39,2,3,2,3,2
39,2,3,2,4,4
39,2,3,2,5,5
39,2,3,3,2,3
39,2,3,3,3,1
39,2,3,3,4,3
39,2,3,3,5,4
39,2,4,1,1,4
39,2,4,2,2,1
39,2,4,2,3,3
39,2,4,2,4,4
39,2,4,2,5,3
39,2,4,3,2,1
39,2,4,3,3,3
39,2,4,3,4,1
39,2,4,3,5,2
40,2,1,1,1,4
40,2,1,2,2,1
40,2,1,2,3,2
40,2,1,2,4,2
40,2,1,2,5,4
40,2,1,3,2,1
40,2,1,3,3,1
40,2,1,3,4,3
40,2,1,3,5,3
40,2,2,1,1,5
40,2,2,2,2,1
40,2,2,2,3,2
40,2,2,2,4,3
40,2,2,2,5,3
40,2,2,3,2,1
40,2,2,3,3,2
40,2,2,3,4,3
40,2,2,3,5,4
40,2,3,1,1,4
40,2,3,2,2,1
40,2,3,2,3,1
40,2,3,2,4,3
40,2,3,2,5,4
40,2,3,3,2,1
40,2,3,3,3,1
40,2,3,3,4,2
40,2,3,3,5,3
40,2,4,1,1,2
40,2,4,2,2,1
40,2,4,2,3,2
40,2,4,2,4,2
40,2,4,2,5,3
40,2,4,3,2,1
40,2,4,3,3,1
40,2,4,3,4,2
40,2,4,3,5,2
41,2,1,1,1,2
41,2,1,2,2,3
41,2,1,2,3,3
41,2,1,2,4,4
41,2,1,2,5,2
41,2,1,3,2,1
41,2,1,3,3,2
41,2,1,3,4,3
41,2,1,3,5,4
41,2,2,1,1,4
41,2,2,2,2,1
41,2,2,2,3,2
41,2,2,2,4,3
41,2,2,2,5,5
41,2,2,3,2,1
41,2,2,3,3,3
41,2,2,3,4,4
41,2,2,3,5,4
41,2,3,1,1,5
41,2,3,2,2,2
41,2,3,2,3,2
41,2,3,2,4,3
41,2,3,2,5,3
41,2,3,3,2,1
41,2,3,3,3,2
41,2,3,3,4,2
41,2,3,3,5,4
41,2,4,1,1,4
41,2,4,2,2,1
41,2,4,2,3,2
41,2,4,2,4,2
41,2,4,2,5,3
41,2,4,3,2,1
41,2,4,3,3,3
41,2,4,3,4,3
41,2,4,3,5,2
42,2,1,1,1,1
42,2,1,2,2,1
42,2,1,2,3,1
42,2,1,2,4,2
42,2,1,2,5,2
42,2,1,3,2,1
42,2,1,3,3,1
42,2,1,3,4,2
42,2,1,3,5,2
42,2,2,1,1,3
42,2,2,2,2,1
42,2,2,2,3,2
42,2,2,2,4,2
42,2,2,2,5,2
42,2,2,3,2,1
42,2,2,3,3,1
42,2,2,3,4,2
42,2,2,3,5,2
42,2,3,1,1,2
42,2,3,2,2,1
42,2,3,2,3,2
42,2,3,2,4,2
42,2,3,2,5,3
42,2,3,3,2,1
42,2,3,3,3,2
42,2,3,3,4,2
42,2,3,3,5,2
42,2,4,1,1,1
42,2,4,2,2,1
42,2,4,2,3,1
42,2,4,2,4,1
42,2,4,2,5,2
42,2,4,3,2,1
42,2,4,3,3,1
42,2,4,3,4,2
42,2,4,3,5,1
43,2,1,1,1,3
43,2,1,2,2,2
43,2,1,2,3,3
43,2,1,2,4,4
43,2,1,2,5,3
43,2,1,3,2,1
43,2,1,3,3,1
43,2,1,3,4,3
43,2,1,3,5,5
43,2,2,1,1,3
43,2,2,2,2,4
43,2,2,2,3,2
43,2,2,2,4,4
43,2,2,2,5,4
43,2,2,3,2,1
43,2,2,3,3,3
43,2,2,3,4,3
43,2,2,3,5,2
43,2,3,1,1,5
43,2,3,2,2,3
43,2,3,2,3,1
43,2,3,2,4,3
43,2,3,2,5,3
43,2,3,3,2,1
43,2,3,3,3,2
43,2,3,3,4,3
43,2,3,3,5,3
43,2,4,1,1,4
43,2,4,2,2,1
43,2,4,2,3,1
43,2,4,2,4,3
43,2,4,2,5,3
43,2,4,3,2,1
43,2,4,3,3,1
43,2,4,3,4,3
43,2,4,3,5,3
44,2,1,1,1,4
44,2,1,2,2,1
44,2,1,2,3,1
44,2,1,2,4,2
44,2,1,2,5,3
44,2,1,3,2,1
44,2,1,3,3,1
44,2,1,3,4,2
44,2,1,3,5,5
44,2,2,1,1,2
44,2,2,2,2,3
44,2,2,2,3,2
44,2,2,2,4,3
44,2,2,2,5,3
44,2,2,3,2,1
44,2,2,3,3,2
44,2,2,3,4,2
44,2,2,3,5,2
44,2,3,1,1,4
44,2,3,2,2,1
44,2,3,2,3,2
44,2,3,2,4,2
44,2,3,2,5,4
44,2,3,3,2,1
44,2,3,3,3,3
44,2,3,3,4,2
44,2,3,3,5,2
44,2,4,1,1,3
44,2,4,2,2,2
44,2,4,2,3,1
44,2,4,2,4,2
44,2,4,2,5,3
44,2,4,3,2,1
44,2,4,3,3,2
44,2,4,3,4,3
44,2,4,3,5,2
45,2,1,1,1,5
45,2,1,2,2,2
45,2,1,2,3,3
45,2,1,2,4,3
45,2,1,2,5,5
45,2,1,3,2,1
45,2,1,3,3,3
45,2,1,3,4,4
45,2,1,3,5,5
45,2,2,1,1,5
45,2,2,2,2,3
45,2,2,2,3,4
45,2,2,2,4,4
45,2,2,2,5,5
45,2,2,3,2,1
45,2,2,3,3,3
45,2,2,3,4,4
45,2,2,3,5,5
45,2,3,1,1,5
45,2,3,2,2,1
45,2,3,2,3,1
45,2,3,2,4,4
45,2,3,2,5,4
45,2,3,3,2,1
45,2,3,3,3,1
45,2,3,3,4,4
45,2,3,3,5,3
45,2,4,1,1,4
45,2,4,2,2,1
45,2,4,2,3,2
45,2,4,2,4,2
45,2,4,2,5,3
45,2,4,3,2,1
45,2,4,3,3,2
45,2,4,3,4,2
45,2,4,3,5,2
46,2,1,1,1,4
46,2,1,2,2,2
46,2,1,2,3,1
46,2,1,2,4,4
46,2,1,2,5,2
46,2,1,3,2,1
46,2,1,3,3,1
46,2,1,3,4,2
46,2,1,3,5,2
46,2,2,1,1,5
46,2,2,2,2,2
46,2,2,2,3,2
46,2,2,2,4,4
46,2,2,2,5,3
46,2,2,3,2,1
46,2,2,3,3,3
46,2,2,3,4,2
46,2,2,3,5,4
46,2,3,1,1,3
46,2,3,2,2,1
46,2,3,2,3,2
46,2,3,2,4,1
46,2,3,2,5,4
46,2,3,3,2,1
46,2,3,3,3,2
46,2,3,3,4,3
46,2,3,3,5,3
46,2,4,1,1,3
46,2,4,2,2,1
46,2,4,2,3,2
46,2,4,2,4,2
46,2,4,2,5,3
46,2,4,3,2,1
46,2,4,3,3,2
46,2,4,3,4,2
46,2,4,3,5,3
47,2,1,1,1,5
47,2,1,2,2,2
47,2,1,2,3,1
47,2,1,2,4,2
47,2,1,2,5,4
47,2,1,3,2,1
47,2,1,3,3,1
47,2,1,3,4,2
47,2,1,3,5,4
47,2,2,1,1,5
47,2,2,2,2,2
47,2,2,2,3,2
47,2,2,2,4,5
47,2,2,2,5,5
47,2,2,3,2,1
47,2,2,3,3,1
47,2,2,3,4,3
47,2,2,3,5,4
47,2,3,1,1,5
47,2,3,2,2,1
47,2,3,2,3,1
47,2,3,2,4,3
47,2,3,2,5,4
47,2,3,3,2,1
47,2,3,3,3,1
47,2,3,3,4,2
47,2,3,3,5,3
47,2,4,1,1,3
47,2,4,2,2,1
47,2,4,2,3,2
47,2,4,2,4,3
47,2,4,2,5,2
47,2,4,3,2,1
47,2,4,3,3,2
47,2,4,3,4,3
47,2,4,3,5,2
48,2,1,1,1,5
48,2,1,2,2,2
48,2,1,2,3,2
48,2,1,2,4,3
48,2,1,2,5,3
48,2,1,3,2,1
48,2,1,3,3,2
48,2,1,3,4,2
48,2,1,3,5,3
48,2,2,1,1,5
48,2,2,2,2,2
48,2,2,2,3,2
48,2,2,2,4,4
48,2,2,2,5,3
48,2,2,3,2,1
48,2,2,3,3,2
48,2,2,3,4,3
48,2,2,3,5,3
48,2,3,1,1,4
48,2,3,2,2,2
48,2,3,2,3,2
48,2,3,2,4,3
48,2,3,2,5,5
48,2,3,3,2,1
48,2,3,3,3,2
48,2,3,3,4,2
48,2,3,3,5,5
48,2,4,1,1,4
48,2,4,2,2,1
48,2,4,2,3,2
48,2,4,2,4,3
48,2,4,2,5,3
48,2,4,3,2,1
48,2,4,3,3,2
48,2,4,3,4,3
48,2,4,3,5,3
49,2,1,1,1,5
49,2,1,2,2,2
49,2,1,2,3,2
49,2,1,2,4,2
49,2,1,2,5,4
49,2,1,3,2,1
49,2,1,3,3,2
49,2,1,3,4,4
49,2,1,3,5,4
49,2,2,1,1,5
49,2,2,2,2,2
49,2,2,2,3,2
49,2,2,2,4,3
49,2,2,2,5,4
49,2,2,3,2,1
49,2,2,3,3,1
49,2,2,3,4,3
49,2,2,3,5,3
49,2,3,1,1,5
49,2,3,2,2,1
49,2,3,2,3,1
49,2,3,2,4,2
49,2,3,2,5,4
49,2,3,3,2,1
49,2,3,3,3,2
49,2,3,3,4,2
49,2,3,3,5,3
49,2,4,1,1,4
49,2,4,2,2,2
49,2,4,2,3,5
49,2,4,2,4,5
49,2,4,2,5,4
49,2,4,3,2,1
49,2,4,3,3,5
49,2,4,3,4,4
49,2,4,3,5,3
50,2,1,1,1,5
50,2,1,2,2,2
50,2,1,2,3,1
50,2,1,2,4,3
50,2,1,2,5,4
50,2,1,3,2,1
50,2,1,3,3,1
50,2,1,3,4,3
50,2,1,3,5,3
50,2,2,1,1,5
50,2,2,2,2,2
50,2,2,2,3,1
50,2,2,2,4,4
50,2,2,2,5,3
50,2,2,3,2,1
50,2,2,3,3,1
50,2,2,3,4,3
50,2,2,3,5,3
50,2,3,1,1,5
50,2,3,2,2,1
50,2,3,2,3,1
50,2,3,2,4,2
50,2,3,2,5,4
50,2,3,3,2,1
50,2,3,3,3,1
50,2,3,3,4,2
50,2,3,3,5,3
50,2,4,1,1,3
50,2,4,2,2,1
50,2,4,2,3,2
50,2,4,2,4,2
50,2,4,2,5,3
50,2,4,3,2,1
50,2,4,3,3,1
50,2,4,3,4,2
50,2,4,3,5,3
51,2,1,1,1,3
51,2,1,2,2,2
51,2,1,2,3,3
51,2,1,2,4,3
51,2,1,2,5,3
51,2,1,3,2,1
51,2,1,3,3,4
51,2,1,3,4,2
51,2,1,3,5,3
51,2,2,1,1,3
51,2,2,2,2,3
51,2,2,2,3,4
51,2,2,2,4,4
51,2,2,2,5,5
51,2,2,3,2,3
51,2,2,3,3,3
51,2,2,3,4,3
51,2,2,3,5,3
51,2,3,1,1,4
51,2,3,2,2,2
51,2,3,2,3,2
51,2,3,2,4,5
51,2,3,2,5,3
51,2,3,3,2,3
51,2,3,3,3,2
51,2,3,3,4,3
51,2,3,3,5,5
51,2,4,1,1,3
51,2,4,2,2,1
51,2,4,2,3,1
51,2,4,2,4,1
51,2,4,2,5,1
51,2,4,3,2,1
51,2,4,3,3,1
51,2,4,3,4,1
51,2,4,3,5,1
52,3,1,1,1,4
52,3,1,2,2,2
52,3,1,2,3,3
52,3,1,2,4,2
52,3,1,2,5,2
52,3,1,3,2,1
52,3,1,3,3,2
52,3,1,3,4,3
52,3,1,3,5,3
52,3,2,1,1,4
52,3,2,2,2,1
52,3,2,2,3,3
52,3,2,2,4,4
52,3,2,2,5,4
52,3,2,3,2,1
52,3,2,3,3,1
52,3,2,3,4,3
52,3,2,3,5,4
52,3,3,1,1,5
52,3,3,2,2,2
52,3,3,2,3,2
52,3,3,2,4,3
52,3,3,2,5,4
52,3,3,3,2,1
52,3,3,3,3,1
52,3,3,3,4,3
52,3,3,3,5,4
52,3,4,1,1,3
52,3,4,2,2,1
52,3,4,2,3,2
52,3,4,2,4,2
52,3,4,2,5,2
52,3,4,3,2,1
52,3,4,3,3,3
52,3,4,3,4,3
52,3,4,3,5,3
53,3,1,1,1,5
53,3,1,2,2,2
53,3,1,2,3,3
53,3,1,2,4,3
53,3,1,2,5,4
53,3,1,3,2,1
53,3,1,3,3,2
53,3,1,3,4,4
53,3,1,3,5,4
53,3,2,1,1,3
53,3,2,2,2,2
53,3,2,2,3,2
53,3,2,2,4,3
53,3,2,2,5,3
53,3,2,3,2,2
53,3,2,3,3,2
53,3,2,3,4,2
53,3,2,3,5,2
53,3,3,1,1,3
53,3,3,2,2,2
53,3,3,2,3,3
53,3,3,2,4,3
53,3,3,2,5,3
53,3,3,3,2,2
53,3,3,3,3,3
53,3,3,3,4,4
53,3,3,3,5,3
53,3,4,1,1,3
53,3,4,2,2,1
53,3,4,2,3,3
53,3,4,2,4,3
53,3,4,2,5,3
53,3,4,3,2,1
53,3,4,3,3,4
53,3,4,3,4,3
53,3,4,3,5,4
54,3,1,1,1,5
54,3,1,2,2,3
54,3,1,2,3,4
54,3,1,2,4,3
54,3,1,2,5,5
54,3,1,3,2,2
54,3,1,3,3,1
54,3,1,3,4,4
54,3,1,3,5,5
54,3,2,1,1,5
54,3,2,2,2,1
54,3,2,2,3,3
54,3,2,2,4,4
54,3,2,2,5,5
54,3,2,3,2,1
54,3,2,3,3,3
54,3,2,3,4,4
54,3,2,3,5,4
54,3,3,1,1,5
54,3,3,2,2,2
54,3,3,2,3,4
54,3,3,2,4,5
54,3,3,2,5,5
54,3,3,3,2,2
54,3,3,3,3,2
54,3,3,3,4,4
54,3,3,3,5,5
54,3,4,1,1,5
54,3,4,2,2,1
54,3,4,2,3,2
54,3,4,2,4,3
54,3,4,2,5,5
54,3,4,3,2,1
54,3,4,3,3,3
54,3,4,3,4,5
54,3,4,3,5,5
55,3,1,1,1,4
55,3,1,2,2,3
55,3,1,2,3,3
55,3,1,2,4,4
55,3,1,2,5,4
55,3,1,3,2,3
55,3,1,3,3,2
55,3,1,3,4,4
55,3,1,3,5,4
55,3,2,1,1,5
55,3,2,2,2,3
55,3,2,2,3,3
55,3,2,2,4,5
55,3,2,2,5,4
55,3,2,3,2,3
55,3,2,3,3,3
55,3,2,3,4,4
55,3,2,3,5,4
55,3,3,1,1,4
55,3,3,2,2,3
55,3,3,2,3,3
55,3,3,2,4,3
55,3,3,2,5,4
55,3,3,3,2,3
55,3,3,3,3,3
55,3,3,3,4,3
55,3,3,3,5,5
55,3,4,1,1,4
55,3,4,2,2,2
55,3,4,2,3,2
55,3,4,2,4,3
55,3,4,2,5,3
55,3,4,3,2,2
55,3,4,3,3,3
55,3,4,3,4,4
55,3,4,3,5,4
56,3,1,1,1,5
56,3,1,2,2,2
56,3,1,2,3,3
56,3,1,2,4,3
56,3,1,2,5,4
56,3,1,3,2,1
56,3,1,3,3,1
56,3,1,3,4,2
56,3,1,3,5,5
56,3,2,1,1,5
56,3,2,2,2,1
56,3,2,2,3,2
56,3,2,2,4,5
56,3,2,2,5,5
56,3,2,3,2,1
56,3,2,3,3,2
56,3,2,3,4,4
56,3,2,3,5,3
56,3,3,1,1,5
56,3,3,2,2,2
56,3,3,2,3,3
56,3,3,2,4,4
56,3,3,2,5,4
56,3,3,3,2,1
56,3,3,3,3,2
56,3,3,3,4,4
56,3,3,3,5,5
56,3,4,1,1,3
56,3,4,2,2,1
56,3,4,2,3,4
56,3,4,2,4,5
56,3,4,2,5,4
56,3,4,3,2,1
56,3,4,3,3,4
56,3,4,3,4,4
56,3,4,3,5,4
57,3,1,1,1,5
57,3,1,2,2,2
57,3,1,2,3,3
57,3,1,2,4,5
57,3,1,2,5,5
57,3,1,3,2,1
57,3,1,3,3,2
57,3,1,3,4,4
57,3,1,3,5,4
57,3,2,1,1,5
57,3,2,2,2,2
57,3,2,2,3,3
57,3,2,2,4,5
57,3,2,2,5,5
57,3,2,3,2,1
57,3,2,3,3,2
57,3,2,3,4,4
57,3,2,3,5,5
57,3,3,1,1,5
57,3,3,2,2,3
57,3,3,2,3,5
57,3,3,2,4,5
57,3,3,2,5,5
57,3,3,3,2,2
57,3,3,3,3,2
57,3,3,3,4,4
57,3,3,3,5,5
57,3,4,1,1,4
57,3,4,2,2,1
57,3,4,2,3,3
57,3,4,2,4,4
57,3,4,2,5,4
57,3,4,3,2,1
57,3,4,3,3,4
57,3,4,3,4,5
57,3,4,3,5,4
58,3,1,1,1,5
58,3,1,2,2,2
58,3,1,2,3,2
58,3,1,2,4,5
58,3,1,2,5,5
58,3,1,3,2,1
58,3,1,3,3,2
58,3,1,3,4,3
58,3,1,3,5,4
58,3,2,1,1,5
58,3,2,2,2,2
58,3,2,2,3,2
58,3,2,2,4,5
58,3,2,2,5,5
58,3,2,3,2,1
58,3,2,3,3,1
58,3,2,3,4,2
58,3,2,3,5,4
58,3,3,1,1,5
58,3,3,2,2,3
58,3,3,2,3,3
58,3,3,2,4,4
58,3,3,2,5,5
58,3,3,3,2,1
58,3,3,3,3,3
58,3,3,3,4,3
58,3,3,3,5,4
58,3,4,1,1,4
58,3,4,2,2,1
58,3,4,2,3,2
58,3,4,2,4,3
58,3,4,2,5,3
58,3,4,3,2,1
58,3,4,3,3,3
58,3,4,3,4,5
58,3,4,3,5,4
59,3,1,1,1,5
59,3,1,2,2,2
59,3,1,2,3,2
59,3,1,2,4,3
59,3,1,2,5,3
59,3,1,3,2,2
59,3,1,3,3,2
59,3,1,3,4,2
59,3,1,3,5,4
59,3,2,1,1,3
59,3,2,2,2,2
59,3,2,2,3,3
59,3,2,2,4,3
59,3,2,2,5,3
59,3,2,3,2,1
59,3,2,3,3,2
59,3,2,3,4,2
59,3,2,3,5,3
59,3,3,1,1,5
59,3,3,2,2,2
59,3,3,2,3,2
59,3,3,2,4,3
59,3,3,2,5,4
59,3,3,3,2,1
59,3,3,3,3,2
59,3,3,3,4,4
59,3,3,3,5,2
59,3,4,1,1,3
59,3,4,2,2,1
59,3,4,2,3,2
59,3,4,2,4,2
59,3,4,2,5,2
59,3,4,3,2,1
59,3,4,3,3,2
59,3,4,3,4,4
59,3,4,3,5,2
60,3,1,1,1,4
60,3,1,2,2,2
60,3,1,2,3,4
60,3,1,2,4,4
60,3,1,2,5,4
60,3,1,3,2,3
60,3,1,3,3,2
60,3,1,3,4,3
60,3,1,3,5,4
60,3,2,1,1,5
60,3,2,2,2,2
60,3,2,2,3,3
60,3,2,2,4,4
60,3,2,2,5,4
60,3,2,3,2,2
60,3,2,3,3,2
60,3,2,3,4,3
60,3,2,3,5,5
60,3,3,1,1,4
60,3,3,2,2,2
60,3,3,2,3,3
60,3,3,2,4,3
60,3,3,2,5,3
60,3,3,3,2,2
60,3,3,3,3,3
60,3,3,3,4,4
60,3,3,3,5,4
60,3,4,1,1,3
60,3,4,2,2,1
60,3,4,2,3,3
60,3,4,2,4,4
60,3,4,2,5,3
60,3,4,3,2,1
60,3,4,3,3,1
60,3,4,3,4,3
60,3,4,3,5,3
61,3,1,1,1,4
61,3,1,2,2,3
61,3,1,2,3,3
61,3,1,2,4,4
61,3,1,2,5,3
61,3,1,3,2,2
61,3,1,3,3,4
61,3,1,3,4,3
61,3,1,3,5,3
61,3,2,1,1,5
61,3,2,2,2,2
61,3,2,2,3,3
61,3,2,2,4,4
61,3,2,2,5,4
61,3,2,3,2,1
61,3,2,3,3,3
61,3,2,3,4,3
61,3,2,3,5,5
61,3,3,1,1,5
61,3,3,2,2,3
61,3,3,2,3,3
61,3,3,2,4,4
61,3,3,2,5,5
61,3,3,3,2,2
61,3,3,3,3,3
61,3,3,3,4,4
61,3,3,3,5,5
61,3,4,1,1,4
61,3,4,2,2,1
61,3,4,2,3,2
61,3,4,2,4,3
61,3,4,2,5,3
61,3,4,3,2,2
61,3,4,3,3,3
61,3,4,3,4,3
61,3,4,3,5,3
62,3,1,1,1,5
62,3,1,2,2,3
62,3,1,2,3,5
62,3,1,2,4,4
62,3,1,2,5,4
62,3,1,3,2,2
62,3,1,3,3,4
62,3,1,3,4,4
62,3,1,3,5,5
62,3,2,1,1,5
62,3,2,2,2,2
62,3,2,2,3,2
62,3,2,2,4,3
62,3,2,2,5,3
62,3,2,3,2,1
62,3,2,3,3,1
62,3,2,3,4,2
62,3,2,3,5,4
62,3,3,1,1,5
62,3,3,2,2,4
62,3,3,2,3,3
62,3,3,2,4,4
62,3,3,2,5,4
62,3,3,3,2,1
62,3,3,3,3,2
62,3,3,3,4,3
62,3,3,3,5,5
62,3,4,1,1,3
62,3,4,2,2,2
62,3,4,2,3,3
62,3,4,2,4,4
62,3,4,2,5,3
62,3,4,3,2,1
62,3,4,3,3,3
62,3,4,3,4,5
62,3,4,3,5,5
63,3,1,1,1,2
63,3,1,2,2,2
63,3,1,2,3,2
63,3,1,2,4,3
63,3,1,2,5,2
63,3,1,3,2,2
63,3,1,3,3,3
63,3,1,3,4,4
63,3,1,3,5,3
63,3,2,1,1,4
63,3,2,2,2,3
63,3,2,2,3,3
63,3,2,2,4,4
63,3,2,2,5,4
63,3,2,3,2,1
63,3,2,3,3,2
63,3,2,3,4,3
63,3,2,3,5,5
63,3,3,1,1,5
63,3,3,2,2,2
63,3,3,2,3,3
63,3,3,2,4,4
63,3,3,2,5,4
63,3,3,3,2,1
63,3,3,3,3,2
63,3,3,3,4,2
63,3,3,3,5,4
63,3,4,1,1,3
63,3,4,2,2,2
63,3,4,2,3,2
63,3,4,2,4,3
63,3,4,2,5,3
63,3,4,3,2,2
63,3,4,3,3,2
63,3,4,3,4,2
63,3,4,3,5,3
64,3,1,1,1,4
64,3,1,2,2,3
64,3,1,2,3,3
64,3,1,2,4,2
64,3,1,2,5,3
64,3,1,3,2,1
64,3,1,3,3,2
64,3,1,3,4,3
64,3,1,3,5,2
64,3,2,1,1,4
64,3,2,2,2,1
64,3,2,2,3,1
64,3,2,2,4,3
64,3,2,2,5,3
64,3,2,3,2,1
64,3,2,3,3,1
64,3,2,3,4,3
64,3,2,3,5,4
64,3,3,1,1,4
64,3,3,2,2,3
64,3,3,2,3,2
64,3,3,2,4,2
64,3,3,2,5,3
64,3,3,3,2,2
64,3,3,3,3,3
64,3,3,3,4,3
64,3,3,3,5,3
64,3,4,1,1,4
64,3,4,2,2,1
64,3,4,2,3,3
64,3,4,2,4,4
64,3,4,2,5,3
64,3,4,3,2,1
64,3,4,3,3,4
64,3,4,3,4,3
64,3,4,3,5,4
65,3,1,1,1,5
65,3,1,2,2,3
65,3,1,2,3,4
65,3,1,2,4,5
65,3,1,2,5,5
65,3,1,3,2,2
65,3,1,3,3,4
65,3,1,3,4,4
65,3,1,3,5,5
65,3,2,1,1,5
65,3,2,2,2,3
65,3,2,2,3,3
65,3,2,2,4,4
65,3,2,2,5,4
65,3,2,3,2,2
65,3,2,3,3,2
65,3,2,3,4,4
65,3,2,3,5,4
65,3,3,1,1,5
65,3,3,2,2,3
65,3,3,2,3,4
65,3,3,2,4,4
65,3,3,2,5,5
65,3,3,3,2,2
65,3,3,3,3,4
65,3,3,3,4,4
65,3,3,3,5,4
65,3,4,1,1,5
65,3,4,2,2,1
65,3,4,2,3,2
65,3,4,2,4,4
65,3,4,2,5,4
65,3,4,3,2,1
65,3,4,3,3,2
65,3,4,3,4,3
65,3,4,3,5,4
66,3,1,1,1,4
66,3,1,2,2,3
66,3,1,2,3,3
66,3,1,2,4,3
66,3,1,2,5,4
66,3,1,3,2,2
66,3,1,3,3,3
66,3,1,3,4,3
66,3,1,3,5,3
66,3,2,1,1,5
66,3,2,2,2,4
66,3,2,2,3,3
66,3,2,2,4,4
66,3,2,2,5,5
66,3,2,3,2,2
66,3,2,3,3,3
66,3,2,3,4,4
66,3,2,3,5,4
66,3,3,1,1,5
66,3,3,2,2,2
66,3,3,2,3,3
66,3,3,2,4,4
66,3,3,2,5,4
66,3,3,3,2,2
66,3,3,3,3,3
66,3,3,3,4,3
66,3,3,3,5,4
66,3,4,1,1,4
66,3,4,2,2,2
66,3,4,2,3,2
66,3,4,2,4,3
66,3,4,2,5,3
66,3,4,3,2,2
66,3,4,3,3,3
66,3,4,3,4,4
66,3,4,3,5,3
67,3,1,1,1,4
67,3,1,2,2,2
67,3,1,2,3,2
67,3,1,2,4,3
67,3,1,2,5,2
67,3,1,3,2,1
67,3,1,3,3,2
67,3,1,3,4,3
67,3,1,3,5,3
67,3,2,1,1,4
67,3,2,2,2,2
67,3,2,2,3,2
67,3,2,2,4,2
67,3,2,2,5,3
67,3,2,3,2,1
67,3,2,3,3,2
67,3,2,3,4,2
67,3,2,3,5,2
67,3,3,1,1,3
67,3,3,2,2,2
67,3,3,2,3,2
67,3,3,2,4,3
67,3,3,2,5,3
67,3,3,3,2,1
67,3,3,3,3,2
67,3,3,3,4,3
67,3,3,3,5,2
67,3,4,1,1,3
67,3,4,2,2,1
67,3,4,2,3,2
67,3,4,2,4,2
67,3,4,2,5,2
67,3,4,3,2,1
67,3,4,3,3,2
67,3,4,3,4,2
67,3,4,3,5,2
68,3,1,1,1,5
68,3,1,2,2,1
68,3,1,2,3,2
68,3,1,2,4,5
68,3,1,2,5,3
68,3,1,3,2,1
68,3,1,3,3,1
68,3,1,3,4,3
68,3,1,3,5,4
68,3,2,1,1,5
68,3,2,2,2,2
68,3,2,2,3,2
68,3,2,2,4,3
68,3,2,2,5,4
68,3,2,3,2,1
68,3,2,3,3,1
68,3,2,3,4,3
68,3,2,3,5,2
68,3,3,1,1,3
68,3,3,2,2,3
68,3,3,2,3,2
68,3,3,2,4,3
68,3,3,2,5,5
68,3,3,3,2,1
68,3,3,3,3,3
68,3,3,3,4,3
68,3,3,3,5,5
68,3,4,1,1,5
68,3,4,2,2,1
68,3,4,2,3,2
68,3,4,2,4,3
68,3,4,2,5,2
68,3,4,3,2,1
68,3,4,3,3,1
68,3,4,3,4,3
68,3,4,3,5,2
69,3,1,1,1,5
69,3,1,2,2,2
69,3,1,2,3,3
69,3,1,2,4,3
69,3,1,2,5,3
69,3,1,3,2,3
69,3,1,3,3,2
69,3,1,3,4,3
69,3,1,3,5,4
69,3,2,1,1,4
69,3,2,2,2,2
69,3,2,2,3,2
69,3,2,2,4,4
69,3,2,2,5,4
69,3,2,3,2,1
69,3,2,3,3,2
69,3,2,3,4,3
69,3,2,3,5,4
69,3,3,1,1,4
69,3,3,2,2,3
69,3,3,2,3,3
69,3,3,2,4,4
69,3,3,2,5,4
69,3,3,3,2,2
69,3,3,3,3,3
69,3,3,3,4,4
69,3,3,3,5,4
69,3,4,1,1,4
69,3,4,2,2,1
69,3,4,2,3,2
69,3,4,2,4,3
69,3,4,2,5,3
69,3,4,3,2,2
69,3,4,3,3,3
69,3,4,3,4,3
69,3,4,3,5,4
71,3,1,1,1,5
71,3,1,2,2,3
71,3,1,2,3,4
71,3,1,2,4,4
71,3,1,2,5,5
71,3,1,3,2,2
71,3,1,3,3,3
71,3,1,3,4,3
71,3,1,3,5,5
71,3,2,1,1,5
71,3,2,2,2,2
71,3,2,2,3,3
71,3,2,2,4,4
71,3,2,2,5,4
71,3,2,3,2,2
71,3,2,3,3,2
71,3,2,3,4,4
71,3,2,3,5,4
71,3,3,1,1,4
71,3,3,2,2,3
71,3,3,2,3,3
71,3,3,2,4,3
71,3,3,2,5,4
71,3,3,3,2,2
71,3,3,3,3,3
71,3,3,3,4,3
71,3,3,3,5,4
71,3,4,1,1,4
71,3,4,2,2,2
71,3,4,2,3,3
71,3,4,2,4,3
71,3,4,2,5,3
71,3,4,3,2,1
71,3,4,3,3,3
71,3,4,3,4,3
71,3,4,3,5,4
72,3,1,1,1,5
72,3,1,2,2,1
72,3,1,2,3,2
72,3,1,2,4,3
72,3,1,2,5,3
72,3,1,3,2,1
72,3,1,3,3,2
72,3,1,3,4,3
72,3,1,3,5,4
72,3,2,1,1,5
72,3,2,2,2,2
72,3,2,2,3,2
72,3,2,2,4,4
72,3,2,2,5,3
72,3,2,3,2,1
72,3,2,3,3,1
72,3,2,3,4,3
72,3,2,3,5,4
72,3,3,1,1,5
72,3,3,2,2,3
72,3,3,2,3,2
72,3,3,2,4,3
72,3,3,2,5,5
72,3,3,3,2,1
72,3,3,3,3,1
72,3,3,3,4,3
72,3,3,3,5,4
72,3,4,1,1,3
72,3,4,2,2,1
72,3,4,2,3,2
72,3,4,2,4,4
72,3,4,2,5,4
72,3,4,3,2,1
72,3,4,3,3,2
72,3,4,3,4,4
72,3,4,3,5,4
73,3,1,1,1,4
73,3,1,2,2,3
73,3,1,2,3,2
73,3,1,2,4,4
73,3,1,2,5,3
73,3,1,3,2,1
73,3,1,3,3,1
73,3,1,3,4,4
73,3,1,3,5,4
73,3,2,1,1,5
73,3,2,2,2,1
73,3,2,2,3,2
73,3,2,2,4,3
73,3,2,2,5,4
73,3,2,3,2,1
73,3,2,3,3,2
73,3,2,3,4,3
73,3,2,3,5,4
73,3,3,1,1,5
73,3,3,2,2,2
73,3,3,2,3,2
73,3,3,2,4,4
73,3,3,2,5,3
73,3,3,3,2,1
73,3,3,3,3,3
73,3,3,3,4,3
73,3,3,3,5,5
73,3,4,1,1,3
73,3,4,2,2,1
73,3,4,2,3,2
73,3,4,2,4,3
73,3,4,2,5,3
73,3,4,3,2,1
73,3,4,3,3,3
73,3,4,3,4,3
73,3,4,3,5,4
74,3,1,1,1,5
74,3,1,2,2,2
74,3,1,2,3,2
74,3,1,2,4,4
74,3,1,2,5,3
74,3,1,3,2,1
74,3,1,3,3,2
74,3,1,3,4,3
74,3,1,3,5,4
74,3,2,1,1,5
74,3,2,2,2,1
74,3,2,2,3,2
74,3,2,2,4,3
74,3,2,2,5,2
74,3,2,3,2,1
74,3,2,3,3,2
74,3,2,3,4,3
74,3,2,3,5,3
74,3,3,1,1,5
74,3,3,2,2,2
74,3,3,2,3,2
74,3,3,2,4,3
74,3,3,2,5,4
74,3,3,3,2,1
74,3,3,3,3,1
74,3,3,3,4,3
74,3,3,3,5,5
74,3,4,1,1,3
74,3,4,2,2,1
74,3,4,2,3,2
74,3,4,2,4,4
74,3,4,2,5,3
74,3,4,3,2,1
74,3,4,3,3,3
74,3,4,3,4,4
74,3,4,3,5,3
75,3,1,1,1,3
75,3,1,2,2,1
75,3,1,2,3,2
75,3,1,2,4,5
75,3,1,2,5,3
75,3,1,3,2,1
75,3,1,3,3,1
75,3,1,3,4,2
75,3,1,3,5,2
75,3,2,1,1,5
75,3,2,2,2,2
75,3,2,2,3,3
75,3,2,2,4,3
75,3,2,2,5,5
75,3,2,3,2,2
75,3,2,3,3,2
75,3,2,3,4,1
75,3,2,3,5,4
75,3,3,1,1,4
75,3,3,2,2,2
75,3,3,2,3,3
75,3,3,2,4,5
75,3,3,2,5,5
75,3,3,3,2,1
75,3,3,3,3,2
75,3,3,3,4,3
75,3,3,3,5,3
75,3,4,1,1,5
75,3,4,2,2,1
75,3,4,2,3,1
75,3,4,2,4,3
75,3,4,2,5,3
75,3,4,3,2,1
75,3,4,3,3,3
75,3,4,3,4,3
75,3,4,3,5,3
76,3,1,1,1,5
76,3,1,2,2,2
76,3,1,2,3,3
76,3,1,2,4,4
76,3,1,2,5,4
76,3,1,3,2,1
76,3,1,3,3,2
76,3,1,3,4,4
76,3,1,3,5,5
76,3,2,1,1,5
76,3,2,2,2,2
76,3,2,2,3,3
76,3,2,2,4,4
76,3,2,2,5,4
76,3,2,3,2,1
76,3,2,3,3,1
76,3,2,3,4,3
76,3,2,3,5,4
76,3,3,1,1,5
76,3,3,2,2,2
76,3,3,2,3,2
76,3,3,2,4,4
76,3,3,2,5,4
76,3,3,3,2,1
76,3,3,3,3,2
76,3,3,3,4,4
76,3,3,3,5,5
76,3,4,1,1,5
76,3,4,2,2,1
76,3,4,2,3,2
76,3,4,2,4,4
76,3,4,2,5,4
76,3,4,3,2,1
76,3,4,3,3,3
76,3,4,3,4,4
76,3,4,3,5,3
77,3,1,1,1,4
77,3,1,2,2,2
77,3,1,2,3,2
77,3,1,2,4,4
77,3,1,2,5,4
77,3,1,3,2,1
77,3,1,3,3,3
77,3,1,3,4,4
77,3,1,3,5,4
77,3,2,1,1,5
77,3,2,2,2,2
77,3,2,2,3,3
77,3,2,2,4,4
77,3,2,2,5,4
77,3,2,3,2,1
77,3,2,3,3,2
77,3,2,3,4,2
77,3,2,3,5,3
77,3,3,1,1,5
77,3,3,2,2,3
77,3,3,2,3,4
77,3,3,2,4,3
77,3,3,2,5,4
77,3,3,3,2,2
77,3,3,3,3,3
77,3,3,3,4,3
77,3,3,3,5,4
77,3,4,1,1,4
77,3,4,2,2,2
77,3,4,2,3,3
77,3,4,2,4,4
77,3,4,2,5,3
77,3,4,3,2,3
77,3,4,3,3,2
77,3,4,3,4,3
77,3,4,3,5,4
